Entity,Day,daily_vaccinations
Alabama,13/01/2021,5906
Alabama,14/01/2021,7083
Alabama,15/01/2021,7478
Alabama,16/01/2021,7498
Alabama,17/01/2021,7509
Alabama,18/01/2021,7517
Alabama,19/01/2021,7523
Alabama,20/01/2021,7880
Alabama,21/01/2021,10517
Alabama,22/01/2021,14107
Alabama,23/01/2021,16202
Alabama,24/01/2021,18294
Alabama,25/01/2021,18196
Alabama,26/01/2021,17738
Alabama,27/01/2021,18178
Alabama,28/01/2021,16153
Alabama,29/01/2021,14514
Alabama,30/01/2021,17271
Alabama,31/01/2021,15748
Alabama,01/02/2021,15381
Alabama,02/02/2021,16703
Alabama,03/02/2021,17414
Alabama,04/02/2021,18491
Alabama,05/02/2021,18526
Alabama,06/02/2021,16105
Alabama,07/02/2021,15480
Alabama,08/02/2021,15622
Alabama,09/02/2021,17012
Alabama,10/02/2021,18209
Alabama,11/02/2021,19258
Alabama,12/02/2021,20074
Alabama,13/02/2021,20855
Alabama,14/02/2021,21417
Alabama,15/02/2021,22405
Alabama,16/02/2021,20816
Alabama,17/02/2021,19174
Alabama,18/02/2021,18400
Alabama,19/02/2021,24002
Alabama,20/02/2021,25111
Alabama,21/02/2021,25194
Alabama,22/02/2021,24164
Alabama,23/02/2021,25489
Alabama,24/02/2021,27098
Alabama,25/02/2021,27531
Alabama,26/02/2021,22104
Alabama,27/02/2021,22022
Alabama,28/02/2021,21984
Alabama,01/03/2021,22111
Alabama,02/03/2021,22436
Alabama,03/03/2021,22904
Alabama,04/03/2021,23916
Alabama,05/03/2021,24388
Alabama,06/03/2021,24087
Alabama,07/03/2021,23947
Alabama,08/03/2021,24040
Alabama,09/03/2021,24118
Alabama,10/03/2021,24827
Alabama,11/03/2021,25376
Alabama,12/03/2021,26375
Alabama,13/03/2021,26935
Alabama,14/03/2021,26926
Alabama,15/03/2021,27106
Alabama,16/03/2021,27331
Alaska,13/01/2021,2842
Alaska,14/01/2021,3379
Alaska,15/01/2021,4400
Alaska,16/01/2021,4381
Alaska,17/01/2021,4369
Alaska,18/01/2021,4362
Alaska,19/01/2021,4356
Alaska,20/01/2021,4230
Alaska,21/01/2021,4187
Alaska,22/01/2021,4580
Alaska,23/01/2021,4997
Alaska,24/01/2021,5225
Alaska,25/01/2021,5003
Alaska,26/01/2021,4545
Alaska,27/01/2021,4758
Alaska,28/01/2021,4850
Alaska,29/01/2021,4186
Alaska,30/01/2021,3846
Alaska,31/01/2021,3619
Alaska,01/02/2021,3570
Alaska,02/02/2021,3613
Alaska,03/02/2021,3453
Alaska,04/02/2021,3440
Alaska,05/02/2021,3372
Alaska,06/02/2021,3411
Alaska,07/02/2021,3785
Alaska,08/02/2021,4131
Alaska,09/02/2021,4204
Alaska,10/02/2021,4356
Alaska,11/02/2021,4620
Alaska,12/02/2021,4776
Alaska,13/02/2021,5142
Alaska,14/02/2021,5393
Alaska,15/02/2021,5212
Alaska,16/02/2021,5448
Alaska,17/02/2021,5337
Alaska,18/02/2021,5268
Alaska,19/02/2021,6970
Alaska,20/02/2021,7466
Alaska,21/02/2021,7330
Alaska,22/02/2021,7266
Alaska,23/02/2021,6988
Alaska,24/02/2021,7148
Alaska,25/02/2021,7201
Alaska,26/02/2021,5444
Alaska,27/02/2021,4591
Alaska,28/02/2021,4229
Alaska,01/03/2021,4304
Alaska,02/03/2021,4288
Alaska,03/03/2021,4243
Alaska,04/03/2021,3905
Alaska,05/03/2021,3876
Alaska,06/03/2021,4155
Alaska,07/03/2021,4329
Alaska,08/03/2021,4248
Alaska,09/03/2021,4678
Alaska,10/03/2021,4917
Alaska,11/03/2021,5211
Alaska,12/03/2021,5294
Alaska,13/03/2021,5092
Alaska,14/03/2021,5473
Alaska,15/03/2021,5571
Alaska,16/03/2021,5280
Arizona,13/01/2021,13390
Arizona,14/01/2021,16155
Arizona,15/01/2021,18577
Arizona,16/01/2021,18257
Arizona,17/01/2021,18065
Arizona,18/01/2021,17937
Arizona,19/01/2021,17846
Arizona,20/01/2021,18163
Arizona,21/01/2021,18605
Arizona,22/01/2021,18895
Arizona,23/01/2021,20939
Arizona,24/01/2021,22706
Arizona,25/01/2021,23526
Arizona,26/01/2021,23517
Arizona,27/01/2021,25196
Arizona,28/01/2021,26179
Arizona,29/01/2021,27393
Arizona,30/01/2021,28059
Arizona,31/01/2021,29069
Arizona,01/02/2021,29564
Arizona,02/02/2021,28681
Arizona,03/02/2021,28255
Arizona,04/02/2021,28424
Arizona,05/02/2021,28337
Arizona,06/02/2021,29917
Arizona,07/02/2021,30732
Arizona,08/02/2021,31487
Arizona,09/02/2021,33164
Arizona,10/02/2021,34531
Arizona,11/02/2021,36494
Arizona,12/02/2021,38691
Arizona,13/02/2021,39176
Arizona,14/02/2021,39989
Arizona,15/02/2021,40122
Arizona,16/02/2021,41539
Arizona,17/02/2021,38163
Arizona,18/02/2021,37314
Arizona,19/02/2021,55158
Arizona,20/02/2021,54896
Arizona,21/02/2021,54360
Arizona,22/02/2021,54958
Arizona,23/02/2021,53030
Arizona,24/02/2021,55863
Arizona,25/02/2021,57825
Arizona,26/02/2021,42127
Arizona,27/02/2021,43278
Arizona,28/02/2021,46110
Arizona,01/03/2021,48955
Arizona,02/03/2021,51993
Arizona,03/03/2021,53580
Arizona,04/03/2021,53198
Arizona,05/03/2021,52476
Arizona,06/03/2021,45071
Arizona,07/03/2021,52879
Arizona,08/03/2021,52280
Arizona,09/03/2021,50873
Arizona,10/03/2021,51794
Arizona,11/03/2021,52921
Arizona,12/03/2021,54235
Arizona,13/03/2021,62981
Arizona,14/03/2021,56433
Arizona,15/03/2021,55772
Arizona,16/03/2021,58490
Arkansas,13/01/2021,53975
Arkansas,14/01/2021,33718
Arkansas,15/01/2021,25820
Arkansas,16/01/2021,20865
Arkansas,17/01/2021,17892
Arkansas,18/01/2021,15910
Arkansas,19/01/2021,14494
Arkansas,20/01/2021,11208
Arkansas,21/01/2021,9285
Arkansas,22/01/2021,11905
Arkansas,23/01/2021,11048
Arkansas,24/01/2021,11986
Arkansas,25/01/2021,12108
Arkansas,26/01/2021,13422
Arkansas,27/01/2021,11359
Arkansas,28/01/2021,11359
Arkansas,29/01/2021,9760
Arkansas,30/01/2021,12425
Arkansas,31/01/2021,12793
Arkansas,01/02/2021,12876
Arkansas,02/02/2021,11169
Arkansas,03/02/2021,9946
Arkansas,04/02/2021,12200
Arkansas,05/02/2021,11597
Arkansas,06/02/2021,12289
Arkansas,07/02/2021,12807
Arkansas,08/02/2021,12919
Arkansas,09/02/2021,12808
Arkansas,10/02/2021,13658
Arkansas,11/02/2021,13225
Arkansas,12/02/2021,13710
Arkansas,13/02/2021,11816
Arkansas,14/02/2021,11299
Arkansas,15/02/2021,10903
Arkansas,16/02/2021,11330
Arkansas,17/02/2021,9842
Arkansas,18/02/2021,8562
Arkansas,19/02/2021,10018
Arkansas,20/02/2021,9074
Arkansas,21/02/2021,7990
Arkansas,22/02/2021,8204
Arkansas,23/02/2021,8108
Arkansas,24/02/2021,9645
Arkansas,25/02/2021,11688
Arkansas,26/02/2021,11531
Arkansas,27/02/2021,14537
Arkansas,28/02/2021,17263
Arkansas,01/03/2021,18023
Arkansas,02/03/2021,18660
Arkansas,03/03/2021,18995
Arkansas,04/03/2021,18831
Arkansas,05/03/2021,17967
Arkansas,06/03/2021,17353
Arkansas,07/03/2021,16564
Arkansas,08/03/2021,15969
Arkansas,09/03/2021,15991
Arkansas,10/03/2021,15964
Arkansas,11/03/2021,13675
Arkansas,12/03/2021,16122
Arkansas,13/03/2021,19784
Arkansas,14/03/2021,16767
Arkansas,15/03/2021,17033
Arkansas,16/03/2021,16330
California,13/01/2021,75188
California,14/01/2021,79496
California,15/01/2021,85553
California,16/01/2021,88381
California,17/01/2021,90079
California,18/01/2021,91210
California,19/01/2021,92018
California,20/01/2021,91549
California,21/01/2021,94083
California,22/01/2021,104389
California,23/01/2021,119770
California,24/01/2021,133316
California,25/01/2021,138153
California,26/01/2021,140878
California,27/01/2021,149620
California,28/01/2021,159000
California,29/01/2021,158126
California,30/01/2021,155366
California,31/01/2021,155063
California,01/02/2021,160379
California,02/02/2021,156749
California,03/02/2021,155950
California,04/02/2021,139561
California,05/02/2021,144296
California,06/02/2021,148831
California,07/02/2021,171402
California,08/02/2021,175654
California,09/02/2021,177237
California,10/02/2021,183712
California,11/02/2021,201580
California,12/02/2021,202925
California,13/02/2021,203565
California,14/02/2021,190746
California,15/02/2021,190404
California,16/02/2021,203788
California,17/02/2021,195102
California,18/02/2021,194468
California,19/02/2021,231928
California,20/02/2021,234166
California,21/02/2021,233297
California,22/02/2021,227005
California,23/02/2021,216733
California,24/02/2021,221857
California,25/02/2021,223997
California,26/02/2021,192335
California,27/02/2021,194965
California,28/02/2021,195368
California,01/03/2021,214479
California,02/03/2021,252715
California,03/03/2021,265023
California,04/03/2021,256584
California,05/03/2021,251504
California,06/03/2021,264079
California,07/03/2021,259101
California,08/03/2021,242771
California,09/03/2021,204065
California,10/03/2021,190191
California,11/03/2021,194328
California,12/03/2021,193794
California,13/03/2021,209548
California,14/03/2021,178375
California,15/03/2021,214448
California,16/03/2021,251553
Colorado,13/01/2021,15237
Colorado,14/01/2021,15139
Colorado,15/01/2021,15935
Colorado,16/01/2021,15580
Colorado,17/01/2021,15367
Colorado,18/01/2021,15225
Colorado,19/01/2021,15123
Colorado,20/01/2021,14396
Colorado,21/01/2021,14070
Colorado,22/01/2021,15007
Colorado,23/01/2021,12934
Colorado,24/01/2021,19033
Colorado,25/01/2021,18872
Colorado,26/01/2021,18208
Colorado,27/01/2021,19156
Colorado,28/01/2021,20359
Colorado,29/01/2021,20657
Colorado,30/01/2021,24010
Colorado,31/01/2021,19248
Colorado,01/02/2021,20272
Colorado,02/02/2021,20514
Colorado,03/02/2021,20371
Colorado,04/02/2021,20460
Colorado,05/02/2021,19975
Colorado,06/02/2021,21358
Colorado,07/02/2021,22952
Colorado,08/02/2021,23168
Colorado,09/02/2021,22316
Colorado,10/02/2021,24274
Colorado,11/02/2021,25169
Colorado,12/02/2021,26131
Colorado,13/02/2021,27246
Colorado,14/02/2021,28130
Colorado,15/02/2021,30249
Colorado,16/02/2021,34720
Colorado,17/02/2021,33875
Colorado,18/02/2021,33990
Colorado,19/02/2021,41118
Colorado,20/02/2021,40331
Colorado,21/02/2021,39336
Colorado,22/02/2021,38285
Colorado,23/02/2021,33267
Colorado,24/02/2021,34876
Colorado,25/02/2021,34456
Colorado,26/02/2021,27248
Colorado,27/02/2021,22403
Colorado,28/02/2021,24202
Colorado,01/03/2021,25887
Colorado,02/03/2021,27913
Colorado,03/03/2021,27679
Colorado,04/03/2021,28668
Colorado,05/03/2021,29383
Colorado,06/03/2021,36492
Colorado,07/03/2021,36417
Colorado,08/03/2021,30650
Colorado,09/03/2021,31695
Colorado,10/03/2021,33203
Colorado,11/03/2021,38451
Colorado,12/03/2021,41169
Colorado,13/03/2021,42625
Colorado,14/03/2021,36020
Colorado,15/03/2021,43751
Colorado,16/03/2021,42517
Connecticut,13/01/2021,10480
Connecticut,14/01/2021,10251
Connecticut,15/01/2021,11490
Connecticut,16/01/2021,11346
Connecticut,17/01/2021,11260
Connecticut,18/01/2021,11202
Connecticut,19/01/2021,11161
Connecticut,20/01/2021,11609
Connecticut,21/01/2021,13259
Connecticut,22/01/2021,14511
Connecticut,23/01/2021,15716
Connecticut,24/01/2021,16292
Connecticut,25/01/2021,16094
Connecticut,26/01/2021,16160
Connecticut,27/01/2021,16836
Connecticut,28/01/2021,16636
Connecticut,29/01/2021,16561
Connecticut,30/01/2021,16342
Connecticut,31/01/2021,16444
Connecticut,01/02/2021,16856
Connecticut,02/02/2021,16207
Connecticut,03/02/2021,14860
Connecticut,04/02/2021,14381
Connecticut,05/02/2021,14140
Connecticut,06/02/2021,14030
Connecticut,07/02/2021,13871
Connecticut,08/02/2021,13309
Connecticut,09/02/2021,14033
Connecticut,10/02/2021,15677
Connecticut,11/02/2021,16918
Connecticut,12/02/2021,17762
Connecticut,13/02/2021,19338
Connecticut,14/02/2021,20109
Connecticut,15/02/2021,21501
Connecticut,16/02/2021,22403
Connecticut,17/02/2021,23349
Connecticut,18/02/2021,23848
Connecticut,19/02/2021,27991
Connecticut,20/02/2021,27579
Connecticut,21/02/2021,26547
Connecticut,22/02/2021,27122
Connecticut,23/02/2021,25963
Connecticut,24/02/2021,24835
Connecticut,25/02/2021,22680
Connecticut,26/02/2021,18791
Connecticut,27/02/2021,18913
Connecticut,28/02/2021,20562
Connecticut,01/03/2021,21218
Connecticut,02/03/2021,21039
Connecticut,03/03/2021,21335
Connecticut,04/03/2021,23052
Connecticut,05/03/2021,23909
Connecticut,06/03/2021,25272
Connecticut,07/03/2021,27307
Connecticut,08/03/2021,28223
Connecticut,09/03/2021,29362
Connecticut,10/03/2021,30172
Connecticut,11/03/2021,30998
Connecticut,12/03/2021,31976
Connecticut,13/03/2021,36344
Connecticut,14/03/2021,30845
Connecticut,15/03/2021,30511
Connecticut,16/03/2021,30664
Delaware,13/01/2021,2003
Delaware,14/01/2021,2340
Delaware,15/01/2021,1560
Delaware,16/01/2021,1887
Delaware,17/01/2021,2083
Delaware,18/01/2021,2213
Delaware,19/01/2021,2307
Delaware,20/01/2021,2461
Delaware,21/01/2021,2611
Delaware,22/01/2021,3310
Delaware,23/01/2021,3724
Delaware,24/01/2021,3909
Delaware,25/01/2021,3889
Delaware,26/01/2021,3707
Delaware,27/01/2021,4544
Delaware,28/01/2021,4703
Delaware,29/01/2021,4720
Delaware,30/01/2021,4641
Delaware,31/01/2021,5110
Delaware,01/02/2021,5112
Delaware,02/02/2021,5038
Delaware,03/02/2021,4299
Delaware,04/02/2021,4071
Delaware,05/02/2021,3847
Delaware,06/02/2021,3709
Delaware,07/02/2021,3353
Delaware,08/02/2021,3422
Delaware,09/02/2021,3393
Delaware,10/02/2021,3225
Delaware,11/02/2021,3227
Delaware,12/02/2021,3195
Delaware,13/02/2021,3375
Delaware,14/02/2021,3287
Delaware,15/02/2021,3252
Delaware,16/02/2021,3552
Delaware,17/02/2021,3571
Delaware,18/02/2021,3782
Delaware,19/02/2021,5531
Delaware,20/02/2021,5500
Delaware,21/02/2021,4929
Delaware,22/02/2021,4927
Delaware,23/02/2021,4890
Delaware,24/02/2021,4961
Delaware,25/02/2021,5098
Delaware,26/02/2021,4063
Delaware,27/02/2021,4591
Delaware,28/02/2021,5482
Delaware,01/03/2021,5925
Delaware,02/03/2021,5543
Delaware,03/03/2021,6833
Delaware,04/03/2021,7237
Delaware,05/03/2021,7327
Delaware,06/03/2021,7409
Delaware,07/03/2021,8022
Delaware,08/03/2021,7900
Delaware,09/03/2021,8526
Delaware,10/03/2021,6799
Delaware,11/03/2021,7643
Delaware,12/03/2021,7564
Delaware,13/03/2021,7598
Delaware,14/03/2021,6046
Delaware,15/03/2021,7603
Delaware,16/03/2021,7618
District of Columbia,13/01/2021,3237
District of Columbia,14/01/2021,3434
District of Columbia,15/01/2021,3374
District of Columbia,16/01/2021,3159
District of Columbia,17/01/2021,3030
District of Columbia,18/01/2021,2944
District of Columbia,19/01/2021,2882
District of Columbia,20/01/2021,2669
District of Columbia,21/01/2021,2633
District of Columbia,22/01/2021,2419
District of Columbia,23/01/2021,2478
District of Columbia,24/01/2021,2490
District of Columbia,25/01/2021,2388
District of Columbia,26/01/2021,2109
District of Columbia,27/01/2021,2336
District of Columbia,28/01/2021,2247
District of Columbia,29/01/2021,2352
District of Columbia,30/01/2021,2411
District of Columbia,31/01/2021,2591
District of Columbia,01/02/2021,2618
District of Columbia,02/02/2021,2686
District of Columbia,03/02/2021,2426
District of Columbia,04/02/2021,3322
District of Columbia,05/02/2021,3648
District of Columbia,06/02/2021,3623
District of Columbia,07/02/2021,3613
District of Columbia,08/02/2021,3708
District of Columbia,09/02/2021,3560
District of Columbia,10/02/2021,3344
District of Columbia,11/02/2021,2518
District of Columbia,12/02/2021,2178
District of Columbia,13/02/2021,2033
District of Columbia,14/02/2021,2213
District of Columbia,15/02/2021,2204
District of Columbia,16/02/2021,2575
District of Columbia,17/02/2021,2855
District of Columbia,18/02/2021,2674
District of Columbia,19/02/2021,6143
District of Columbia,20/02/2021,6197
District of Columbia,21/02/2021,5909
District of Columbia,22/02/2021,5757
District of Columbia,23/02/2021,5746
District of Columbia,24/02/2021,5983
District of Columbia,25/02/2021,6085
District of Columbia,26/02/2021,2705
District of Columbia,27/02/2021,3587
District of Columbia,28/02/2021,4582
District of Columbia,01/03/2021,4834
District of Columbia,02/03/2021,4641
District of Columbia,03/03/2021,4535
District of Columbia,04/03/2021,4913
District of Columbia,05/03/2021,5099
District of Columbia,06/03/2021,5127
District of Columbia,07/03/2021,4447
District of Columbia,08/03/2021,4580
District of Columbia,09/03/2021,4779
District of Columbia,10/03/2021,5157
District of Columbia,11/03/2021,5234
District of Columbia,12/03/2021,5479
District of Columbia,13/03/2021,5128
District of Columbia,14/03/2021,5518
District of Columbia,15/03/2021,5869
District of Columbia,16/03/2021,5965
Florida,13/01/2021,71958
Florida,14/01/2021,70522
Florida,15/01/2021,73214
Florida,16/01/2021,75010
Florida,17/01/2021,76089
Florida,18/01/2021,76807
Florida,19/01/2021,77321
Florida,20/01/2021,76368
Florida,21/01/2021,66499
Florida,22/01/2021,65899
Florida,23/01/2021,79360
Florida,24/01/2021,75844
Florida,25/01/2021,64359
Florida,26/01/2021,57258
Florida,27/01/2021,56074
Florida,28/01/2021,66754
Florida,29/01/2021,68838
Florida,30/01/2021,57314
Florida,31/01/2021,59262
Florida,01/02/2021,65798
Florida,02/02/2021,67522
Florida,03/02/2021,71525
Florida,04/02/2021,73786
Florida,05/02/2021,66357
Florida,06/02/2021,70806
Florida,07/02/2021,92557
Florida,08/02/2021,86021
Florida,09/02/2021,97594
Florida,10/02/2021,100338
Florida,11/02/2021,104854
Florida,12/02/2021,136471
Florida,13/02/2021,137942
Florida,14/02/2021,122904
Florida,15/02/2021,132271
Florida,16/02/2021,123957
Florida,17/02/2021,123862
Florida,18/02/2021,123071
Florida,19/02/2021,140344
Florida,20/02/2021,122067
Florida,21/02/2021,131314
Florida,22/02/2021,122457
Florida,23/02/2021,115287
Florida,24/02/2021,114305
Florida,25/02/2021,112282
Florida,26/02/2021,72297
Florida,27/02/2021,88065
Florida,28/02/2021,93910
Florida,01/03/2021,93905
Florida,02/03/2021,95984
Florida,03/03/2021,94949
Florida,04/03/2021,101286
Florida,05/03/2021,106303
Florida,06/03/2021,123715
Florida,07/03/2021,122290
Florida,08/03/2021,122410
Florida,09/03/2021,126219
Florida,10/03/2021,128975
Florida,11/03/2021,145410
Florida,12/03/2021,166386
Florida,13/03/2021,188491
Florida,14/03/2021,172548
Florida,15/03/2021,173075
Florida,16/03/2021,176638
Georgia,13/01/2021,28185
Georgia,14/01/2021,30367
Georgia,15/01/2021,20245
Georgia,16/01/2021,20248
Georgia,17/01/2021,20250
Georgia,18/01/2021,20251
Georgia,19/01/2021,20252
Georgia,20/01/2021,28327
Georgia,21/01/2021,31794
Georgia,22/01/2021,53169
Georgia,23/01/2021,50358
Georgia,24/01/2021,47464
Georgia,25/01/2021,44570
Georgia,26/01/2021,50893
Georgia,27/01/2021,45117
Georgia,28/01/2021,44336
Georgia,29/01/2021,29544
Georgia,30/01/2021,36097
Georgia,31/01/2021,43160
Georgia,01/02/2021,46636
Georgia,02/02/2021,38782
Georgia,03/02/2021,37453
Georgia,04/02/2021,34833
Georgia,05/02/2021,34476
Georgia,06/02/2021,34588
Georgia,07/02/2021,34263
Georgia,08/02/2021,33889
Georgia,09/02/2021,34269
Georgia,10/02/2021,35545
Georgia,11/02/2021,37854
Georgia,12/02/2021,31628
Georgia,13/02/2021,32847
Georgia,14/02/2021,41671
Georgia,15/02/2021,41120
Georgia,16/02/2021,41927
Georgia,17/02/2021,35656
Georgia,18/02/2021,42314
Georgia,19/02/2021,63968
Georgia,20/02/2021,65423
Georgia,21/02/2021,59020
Georgia,22/02/2021,59729
Georgia,23/02/2021,58141
Georgia,24/02/2021,63689
Georgia,25/02/2021,56090
Georgia,26/02/2021,41854
Georgia,27/02/2021,40474
Georgia,28/02/2021,31656
Georgia,01/03/2021,28421
Georgia,02/03/2021,29231
Georgia,03/03/2021,30608
Georgia,04/03/2021,32206
Georgia,05/03/2021,34177
Georgia,06/03/2021,34002
Georgia,07/03/2021,42017
Georgia,08/03/2021,45624
Georgia,09/03/2021,45880
Georgia,10/03/2021,39354
Georgia,11/03/2021,42373
Georgia,12/03/2021,49346
Georgia,13/03/2021,53327
Georgia,14/03/2021,55396
Georgia,15/03/2021,56869
Georgia,16/03/2021,57724
Hawaii,13/01/2021,3122
Hawaii,14/01/2021,7251
Hawaii,15/01/2021,4492
Hawaii,16/01/2021,4431
Hawaii,17/01/2021,4395
Hawaii,18/01/2021,4370
Hawaii,19/01/2021,4353
Hawaii,20/01/2021,5048
Hawaii,21/01/2021,4490
Hawaii,22/01/2021,5405
Hawaii,23/01/2021,4798
Hawaii,24/01/2021,4191
Hawaii,25/01/2021,4627
Hawaii,26/01/2021,4258
Hawaii,27/01/2021,3678
Hawaii,28/01/2021,3504
Hawaii,29/01/2021,3767
Hawaii,30/01/2021,5101
Hawaii,31/01/2021,6354
Hawaii,01/02/2021,6249
Hawaii,02/02/2021,6308
Hawaii,03/02/2021,6571
Hawaii,04/02/2021,6738
Hawaii,05/02/2021,8364
Hawaii,06/02/2021,8365
Hawaii,07/02/2021,8254
Hawaii,08/02/2021,8314
Hawaii,09/02/2021,8017
Hawaii,10/02/2021,7193
Hawaii,11/02/2021,7073
Hawaii,12/02/2021,5585
Hawaii,13/02/2021,5532
Hawaii,14/02/2021,5449
Hawaii,15/02/2021,5306
Hawaii,16/02/2021,6162
Hawaii,17/02/2021,6669
Hawaii,18/02/2021,6682
Hawaii,19/02/2021,13223
Hawaii,20/02/2021,13564
Hawaii,21/02/2021,13968
Hawaii,22/02/2021,14306
Hawaii,23/02/2021,13775
Hawaii,24/02/2021,14151
Hawaii,25/02/2021,14501
Hawaii,26/02/2021,8248
Hawaii,27/02/2021,8288
Hawaii,28/02/2021,8547
Hawaii,01/03/2021,8332
Hawaii,02/03/2021,8453
Hawaii,03/03/2021,8489
Hawaii,04/03/2021,8910
Hawaii,05/03/2021,8984
Hawaii,06/03/2021,9085
Hawaii,07/03/2021,7605
Hawaii,08/03/2021,9049
Hawaii,09/03/2021,10190
Hawaii,10/03/2021,10952
Hawaii,11/03/2021,11146
Hawaii,12/03/2021,11641
Hawaii,13/03/2021,11817
Hawaii,14/03/2021,13143
Hawaii,15/03/2021,12178
Hawaii,16/03/2021,11718
Idaho,13/01/2021,3027
Idaho,14/01/2021,3370
Idaho,15/01/2021,3597
Idaho,16/01/2021,3781
Idaho,17/01/2021,3892
Idaho,18/01/2021,3966
Idaho,19/01/2021,4019
Idaho,20/01/2021,4342
Idaho,21/01/2021,4398
Idaho,22/01/2021,4479
Idaho,23/01/2021,4524
Idaho,24/01/2021,4546
Idaho,25/01/2021,4519
Idaho,26/01/2021,4256
Idaho,27/01/2021,3961
Idaho,28/01/2021,4204
Idaho,29/01/2021,4412
Idaho,30/01/2021,4584
Idaho,31/01/2021,4822
Idaho,01/02/2021,4729
Idaho,02/02/2021,4697
Idaho,03/02/2021,5056
Idaho,04/02/2021,5585
Idaho,05/02/2021,7217
Idaho,06/02/2021,8784
Idaho,07/02/2021,9257
Idaho,08/02/2021,10173
Idaho,09/02/2021,10311
Idaho,10/02/2021,10428
Idaho,11/02/2021,10309
Idaho,12/02/2021,7810
Idaho,13/02/2021,6481
Idaho,14/02/2021,8088
Idaho,15/02/2021,8196
Idaho,16/02/2021,9257
Idaho,17/02/2021,9256
Idaho,18/02/2021,9202
Idaho,19/02/2021,12941
Idaho,20/02/2021,13126
Idaho,21/02/2021,12006
Idaho,22/02/2021,11898
Idaho,23/02/2021,10974
Idaho,24/02/2021,10909
Idaho,25/02/2021,11216
Idaho,26/02/2021,8924
Idaho,27/02/2021,9276
Idaho,28/02/2021,9433
Idaho,01/03/2021,9715
Idaho,02/03/2021,9885
Idaho,03/03/2021,10346
Idaho,04/03/2021,10173
Idaho,05/03/2021,10768
Idaho,06/03/2021,11290
Idaho,07/03/2021,11239
Idaho,08/03/2021,11146
Idaho,09/03/2021,11368
Idaho,10/03/2021,11225
Idaho,11/03/2021,11396
Idaho,12/03/2021,11431
Idaho,13/03/2021,11251
Idaho,14/03/2021,11304
Idaho,15/03/2021,11055
Idaho,16/03/2021,10980
Illinois,13/01/2021,18854
Illinois,14/01/2021,28330
Illinois,15/01/2021,30253
Illinois,16/01/2021,28158
Illinois,17/01/2021,26902
Illinois,18/01/2021,26064
Illinois,19/01/2021,25465
Illinois,20/01/2021,24867
Illinois,21/01/2021,23837
Illinois,22/01/2021,24248
Illinois,23/01/2021,27873
Illinois,24/01/2021,31080
Illinois,25/01/2021,31402
Illinois,26/01/2021,30390
Illinois,27/01/2021,32390
Illinois,28/01/2021,36114
Illinois,29/01/2021,39571
Illinois,30/01/2021,42007
Illinois,31/01/2021,44626
Illinois,01/02/2021,47373
Illinois,02/02/2021,47870
Illinois,03/02/2021,48845
Illinois,04/02/2021,50721
Illinois,05/02/2021,51860
Illinois,06/02/2021,54451
Illinois,07/02/2021,55733
Illinois,08/02/2021,57554
Illinois,09/02/2021,57815
Illinois,10/02/2021,61601
Illinois,11/02/2021,60923
Illinois,12/02/2021,61067
Illinois,13/02/2021,63229
Illinois,14/02/2021,64663
Illinois,15/02/2021,63802
Illinois,16/02/2021,68086
Illinois,17/02/2021,65188
Illinois,18/02/2021,61794
Illinois,19/02/2021,71364
Illinois,20/02/2021,69845
Illinois,21/02/2021,69331
Illinois,22/02/2021,64299
Illinois,23/02/2021,65950
Illinois,24/02/2021,66469
Illinois,25/02/2021,68866
Illinois,26/02/2021,66470
Illinois,27/02/2021,67681
Illinois,28/02/2021,69238
Illinois,01/03/2021,78880
Illinois,02/03/2021,77559
Illinois,03/03/2021,80143
Illinois,04/03/2021,84036
Illinois,05/03/2021,80655
Illinois,06/03/2021,86539
Illinois,07/03/2021,92781
Illinois,08/03/2021,95036
Illinois,09/03/2021,91731
Illinois,10/03/2021,92887
Illinois,11/03/2021,95719
Illinois,12/03/2021,102980
Illinois,13/03/2021,122334
Illinois,14/03/2021,103399
Illinois,15/03/2021,103731
Illinois,16/03/2021,111141
Indiana,13/01/2021,19490
Indiana,14/01/2021,20822
Indiana,15/01/2021,22822
Indiana,16/01/2021,21765
Indiana,17/01/2021,21131
Indiana,18/01/2021,20708
Indiana,19/01/2021,20406
Indiana,20/01/2021,20722
Indiana,21/01/2021,21950
Indiana,22/01/2021,21974
Indiana,23/01/2021,23875
Indiana,24/01/2021,21219
Indiana,25/01/2021,25109
Indiana,26/01/2021,23448
Indiana,27/01/2021,23971
Indiana,28/01/2021,23572
Indiana,29/01/2021,23885
Indiana,30/01/2021,23022
Indiana,31/01/2021,23022
Indiana,01/02/2021,16476
Indiana,02/02/2021,16209
Indiana,03/02/2021,16224
Indiana,04/02/2021,17007
Indiana,05/02/2021,18509
Indiana,06/02/2021,20369
Indiana,07/02/2021,20369
Indiana,08/02/2021,20369
Indiana,09/02/2021,21254
Indiana,10/02/2021,22565
Indiana,11/02/2021,22977
Indiana,12/02/2021,23240
Indiana,13/02/2021,38430
Indiana,14/02/2021,44158
Indiana,15/02/2021,46507
Indiana,16/02/2021,47242
Indiana,17/02/2021,45387
Indiana,18/02/2021,41992
Indiana,19/02/2021,45789
Indiana,20/02/2021,30805
Indiana,21/02/2021,30138
Indiana,22/02/2021,31003
Indiana,23/02/2021,29588
Indiana,24/02/2021,35377
Indiana,25/02/2021,47617
Indiana,26/02/2021,44421
Indiana,27/02/2021,45361
Indiana,28/02/2021,45786
Indiana,01/03/2021,46116
Indiana,02/03/2021,46529
Indiana,03/03/2021,42373
Indiana,04/03/2021,34034
Indiana,05/03/2021,34798
Indiana,06/03/2021,35551
Indiana,07/03/2021,36332
Indiana,08/03/2021,37786
Indiana,09/03/2021,38324
Indiana,10/03/2021,39535
Indiana,11/03/2021,40220
Indiana,12/03/2021,40240
Indiana,13/03/2021,46622
Indiana,14/03/2021,40366
Indiana,15/03/2021,40095
Indiana,16/03/2021,39686
Iowa,13/01/2021,13402
Iowa,14/01/2021,6701
Iowa,15/01/2021,7431
Iowa,16/01/2021,7071
Iowa,17/01/2021,6856
Iowa,18/01/2021,6712
Iowa,19/01/2021,6609
Iowa,20/01/2021,5394
Iowa,21/01/2021,6664
Iowa,22/01/2021,7089
Iowa,23/01/2021,7591
Iowa,24/01/2021,8316
Iowa,25/01/2021,8177
Iowa,26/01/2021,7575
Iowa,27/01/2021,7764
Iowa,28/01/2021,7679
Iowa,29/01/2021,7677
Iowa,30/01/2021,8252
Iowa,31/01/2021,8717
Iowa,01/02/2021,8752
Iowa,02/02/2021,8791
Iowa,03/02/2021,8940
Iowa,04/02/2021,9536
Iowa,05/02/2021,9861
Iowa,06/02/2021,10093
Iowa,07/02/2021,10887
Iowa,08/02/2021,12555
Iowa,09/02/2021,13183
Iowa,10/02/2021,14569
Iowa,11/02/2021,15445
Iowa,12/02/2021,16457
Iowa,13/02/2021,17707
Iowa,14/02/2021,18300
Iowa,15/02/2021,17966
Iowa,16/02/2021,19130
Iowa,17/02/2021,18104
Iowa,18/02/2021,17183
Iowa,19/02/2021,20590
Iowa,20/02/2021,20700
Iowa,21/02/2021,20425
Iowa,22/02/2021,20011
Iowa,23/02/2021,18460
Iowa,24/02/2021,18033
Iowa,25/02/2021,17644
Iowa,26/02/2021,14481
Iowa,27/02/2021,15317
Iowa,28/02/2021,16224
Iowa,01/03/2021,17665
Iowa,02/03/2021,17969
Iowa,03/03/2021,18878
Iowa,04/03/2021,20308
Iowa,05/03/2021,21006
Iowa,06/03/2021,25236
Iowa,07/03/2021,27631
Iowa,08/03/2021,29315
Iowa,09/03/2021,30238
Iowa,10/03/2021,30860
Iowa,11/03/2021,32297
Iowa,12/03/2021,33312
Iowa,13/03/2021,36182
Iowa,14/03/2021,29727
Iowa,15/03/2021,29290
Iowa,16/03/2021,28947
Kansas,13/01/2021,7382
Kansas,14/01/2021,6648
Kansas,15/01/2021,6504
Kansas,16/01/2021,6169
Kansas,17/01/2021,5968
Kansas,18/01/2021,5834
Kansas,19/01/2021,5738
Kansas,20/01/2021,5294
Kansas,21/01/2021,5553
Kansas,22/01/2021,5616
Kansas,23/01/2021,5995
Kansas,24/01/2021,6163
Kansas,25/01/2021,5921
Kansas,26/01/2021,5758
Kansas,27/01/2021,6527
Kansas,28/01/2021,8552
Kansas,29/01/2021,7635
Kansas,30/01/2021,8802
Kansas,31/01/2021,10031
Kansas,01/02/2021,10311
Kansas,02/02/2021,10351
Kansas,03/02/2021,10395
Kansas,04/02/2021,8732
Kansas,05/02/2021,10441
Kansas,06/02/2021,10533
Kansas,07/02/2021,10688
Kansas,08/02/2021,10886
Kansas,09/02/2021,10625
Kansas,10/02/2021,11215
Kansas,11/02/2021,11643
Kansas,12/02/2021,12445
Kansas,13/02/2021,12520
Kansas,14/02/2021,13386
Kansas,15/02/2021,12932
Kansas,16/02/2021,13096
Kansas,17/02/2021,12215
Kansas,18/02/2021,12129
Kansas,19/02/2021,16568
Kansas,20/02/2021,17264
Kansas,21/02/2021,17050
Kansas,22/02/2021,17302
Kansas,23/02/2021,17162
Kansas,24/02/2021,17963
Kansas,25/02/2021,17801
Kansas,26/02/2021,13437
Kansas,27/02/2021,13537
Kansas,28/02/2021,14348
Kansas,01/03/2021,15173
Kansas,02/03/2021,16024
Kansas,03/03/2021,16288
Kansas,04/03/2021,16959
Kansas,05/03/2021,17467
Kansas,06/03/2021,17771
Kansas,07/03/2021,17796
Kansas,08/03/2021,17429
Kansas,09/03/2021,17443
Kansas,10/03/2021,17816
Kansas,11/03/2021,19300
Kansas,12/03/2021,23459
Kansas,13/03/2021,20392
Kansas,14/03/2021,23738
Kansas,15/03/2021,23805
Kansas,16/03/2021,23636
Kentucky,13/01/2021,10322
Kentucky,14/01/2021,11750
Kentucky,15/01/2021,14211
Kentucky,16/01/2021,13239
Kentucky,17/01/2021,12656
Kentucky,18/01/2021,12267
Kentucky,19/01/2021,11989
Kentucky,20/01/2021,11644
Kentucky,21/01/2021,11361
Kentucky,22/01/2021,11342
Kentucky,23/01/2021,12270
Kentucky,24/01/2021,14871
Kentucky,25/01/2021,14535
Kentucky,26/01/2021,13736
Kentucky,27/01/2021,14189
Kentucky,28/01/2021,15294
Kentucky,29/01/2021,16071
Kentucky,30/01/2021,16434
Kentucky,31/01/2021,15030
Kentucky,01/02/2021,15440
Kentucky,02/02/2021,15339
Kentucky,03/02/2021,16019
Kentucky,04/02/2021,16226
Kentucky,05/02/2021,16733
Kentucky,06/02/2021,18738
Kentucky,07/02/2021,20520
Kentucky,08/02/2021,21305
Kentucky,09/02/2021,21299
Kentucky,10/02/2021,21364
Kentucky,11/02/2021,21774
Kentucky,12/02/2021,21820
Kentucky,13/02/2021,18949
Kentucky,14/02/2021,18632
Kentucky,15/02/2021,18642
Kentucky,16/02/2021,20419
Kentucky,17/02/2021,19273
Kentucky,18/02/2021,16853
Kentucky,19/02/2021,20370
Kentucky,20/02/2021,21020
Kentucky,21/02/2021,20748
Kentucky,22/02/2021,20619
Kentucky,23/02/2021,19979
Kentucky,24/02/2021,22140
Kentucky,25/02/2021,25953
Kentucky,26/02/2021,23723
Kentucky,27/02/2021,26254
Kentucky,28/02/2021,28005
Kentucky,01/03/2021,29618
Kentucky,02/03/2021,29971
Kentucky,03/03/2021,29627
Kentucky,04/03/2021,29933
Kentucky,05/03/2021,31075
Kentucky,06/03/2021,32688
Kentucky,07/03/2021,33445
Kentucky,08/03/2021,33861
Kentucky,09/03/2021,33230
Kentucky,10/03/2021,33797
Kentucky,11/03/2021,34243
Kentucky,12/03/2021,34069
Kentucky,13/03/2021,40384
Kentucky,14/03/2021,34676
Kentucky,15/03/2021,35519
Kentucky,16/03/2021,36245
Louisiana,13/01/2021,13415
Louisiana,14/01/2021,16520
Louisiana,15/01/2021,18399
Louisiana,16/01/2021,17400
Louisiana,17/01/2021,16802
Louisiana,18/01/2021,16402
Louisiana,19/01/2021,16117
Louisiana,20/01/2021,15459
Louisiana,21/01/2021,14798
Louisiana,22/01/2021,14241
Louisiana,23/01/2021,14664
Louisiana,24/01/2021,15330
Louisiana,25/01/2021,14323
Louisiana,26/01/2021,12869
Louisiana,27/01/2021,13478
Louisiana,28/01/2021,13785
Louisiana,29/01/2021,14380
Louisiana,30/01/2021,15126
Louisiana,31/01/2021,15661
Louisiana,01/02/2021,17390
Louisiana,02/02/2021,18620
Louisiana,03/02/2021,18602
Louisiana,04/02/2021,19155
Louisiana,05/02/2021,19727
Louisiana,06/02/2021,21403
Louisiana,07/02/2021,22318
Louisiana,08/02/2021,21552
Louisiana,09/02/2021,20531
Louisiana,10/02/2021,21437
Louisiana,11/02/2021,18434
Louisiana,12/02/2021,23529
Louisiana,13/02/2021,23556
Louisiana,14/02/2021,24173
Louisiana,15/02/2021,23289
Louisiana,16/02/2021,23607
Louisiana,17/02/2021,21794
Louisiana,18/02/2021,22356
Louisiana,19/02/2021,22636
Louisiana,20/02/2021,20294
Louisiana,21/02/2021,17909
Louisiana,22/02/2021,18023
Louisiana,23/02/2021,17480
Louisiana,24/02/2021,18460
Louisiana,25/02/2021,21130
Louisiana,26/02/2021,16953
Louisiana,27/02/2021,20243
Louisiana,28/02/2021,23208
Louisiana,01/03/2021,24764
Louisiana,02/03/2021,25309
Louisiana,03/03/2021,26690
Louisiana,04/03/2021,27950
Louisiana,05/03/2021,28701
Louisiana,06/03/2021,22933
Louisiana,07/03/2021,17710
Louisiana,08/03/2021,28759
Louisiana,09/03/2021,28836
Louisiana,10/03/2021,28808
Louisiana,11/03/2021,28794
Louisiana,12/03/2021,28694
Louisiana,13/03/2021,40621
Louisiana,14/03/2021,40490
Louisiana,15/03/2021,29510
Louisiana,16/03/2021,29733
Maine,13/01/2021,2303
Maine,14/01/2021,3092
Maine,15/01/2021,2061
Maine,16/01/2021,2349
Maine,17/01/2021,2522
Maine,18/01/2021,2637
Maine,19/01/2021,2719
Maine,20/01/2021,2703
Maine,21/01/2021,2768
Maine,22/01/2021,3609
Maine,23/01/2021,4095
Maine,24/01/2021,4609
Maine,25/01/2021,4758
Maine,26/01/2021,4421
Maine,27/01/2021,4717
Maine,28/01/2021,4956
Maine,29/01/2021,5259
Maine,30/01/2021,5581
Maine,31/01/2021,5791
Maine,01/02/2021,5960
Maine,02/02/2021,5837
Maine,03/02/2021,5229
Maine,04/02/2021,5464
Maine,05/02/2021,5147
Maine,06/02/2021,5223
Maine,07/02/2021,5442
Maine,08/02/2021,4666
Maine,09/02/2021,5961
Maine,10/02/2021,6780
Maine,11/02/2021,5687
Maine,12/02/2021,4859
Maine,13/02/2021,3517
Maine,14/02/2021,2114
Maine,15/02/2021,5320
Maine,16/02/2021,7232
Maine,17/02/2021,7028
Maine,18/02/2021,7028
Maine,19/02/2021,10702
Maine,20/02/2021,10725
Maine,21/02/2021,10778
Maine,22/02/2021,11632
Maine,23/02/2021,8756
Maine,24/02/2021,8988
Maine,25/02/2021,8993
Maine,26/02/2021,5331
Maine,27/02/2021,9148
Maine,28/02/2021,9187
Maine,01/03/2021,5270
Maine,02/03/2021,4985
Maine,03/03/2021,4155
Maine,04/03/2021,4162
Maine,05/03/2021,10949
Maine,06/03/2021,9450
Maine,07/03/2021,9505
Maine,08/03/2021,13348
Maine,09/03/2021,13985
Maine,10/03/2021,15285
Maine,11/03/2021,15438
Maine,12/03/2021,13488
Maine,13/03/2021,11286
Maine,14/03/2021,15838
Maine,15/03/2021,13689
Maine,16/03/2021,13699
Maryland,13/01/2021,31825
Maryland,14/01/2021,15912
Maryland,15/01/2021,16158
Maryland,16/01/2021,15424
Maryland,17/01/2021,14984
Maryland,18/01/2021,14690
Maryland,19/01/2021,14481
Maryland,20/01/2021,11441
Maryland,21/01/2021,13407
Maryland,22/01/2021,13258
Maryland,23/01/2021,14212
Maryland,24/01/2021,16770
Maryland,25/01/2021,16637
Maryland,26/01/2021,16846
Maryland,27/01/2021,18730
Maryland,28/01/2021,20043
Maryland,29/01/2021,22150
Maryland,30/01/2021,24053
Maryland,31/01/2021,23844
Maryland,01/02/2021,25352
Maryland,02/02/2021,24503
Maryland,03/02/2021,22451
Maryland,04/02/2021,21945
Maryland,05/02/2021,21726
Maryland,06/02/2021,21580
Maryland,07/02/2021,22796
Maryland,08/02/2021,22143
Maryland,09/02/2021,22275
Maryland,10/02/2021,24964
Maryland,11/02/2021,25665
Maryland,12/02/2021,26306
Maryland,13/02/2021,26485
Maryland,14/02/2021,26567
Maryland,15/02/2021,26595
Maryland,16/02/2021,27854
Maryland,17/02/2021,26002
Maryland,18/02/2021,26441
Maryland,19/02/2021,33219
Maryland,20/02/2021,34605
Maryland,21/02/2021,33824
Maryland,22/02/2021,34580
Maryland,23/02/2021,34934
Maryland,24/02/2021,36687
Maryland,25/02/2021,38368
Maryland,26/02/2021,32617
Maryland,27/02/2021,32315
Maryland,28/02/2021,34031
Maryland,01/03/2021,36088
Maryland,02/03/2021,36841
Maryland,03/03/2021,42073
Maryland,04/03/2021,42628
Maryland,05/03/2021,44105
Maryland,06/03/2021,46529
Maryland,07/03/2021,45662
Maryland,08/03/2021,43948
Maryland,09/03/2021,46381
Maryland,10/03/2021,43798
Maryland,11/03/2021,44967
Maryland,12/03/2021,44438
Maryland,13/03/2021,45112
Maryland,14/03/2021,45196
Maryland,15/03/2021,45630
Maryland,16/03/2021,45485
Massachusetts,13/01/2021,13361
Massachusetts,14/01/2021,14697
Massachusetts,15/01/2021,17698
Massachusetts,16/01/2021,17130
Massachusetts,17/01/2021,16789
Massachusetts,18/01/2021,16562
Massachusetts,19/01/2021,16399
Massachusetts,20/01/2021,16150
Massachusetts,21/01/2021,17092
Massachusetts,22/01/2021,16207
Massachusetts,23/01/2021,17195
Massachusetts,24/01/2021,18826
Massachusetts,25/01/2021,18595
Massachusetts,26/01/2021,17689
Massachusetts,27/01/2021,19112
Massachusetts,28/01/2021,19602
Massachusetts,29/01/2021,21411
Massachusetts,30/01/2021,22016
Massachusetts,31/01/2021,22768
Massachusetts,01/02/2021,25047
Massachusetts,02/02/2021,26111
Massachusetts,03/02/2021,23029
Massachusetts,04/02/2021,23228
Massachusetts,05/02/2021,23510
Massachusetts,06/02/2021,25720
Massachusetts,07/02/2021,28727
Massachusetts,08/02/2021,28204
Massachusetts,09/02/2021,29538
Massachusetts,10/02/2021,36924
Massachusetts,11/02/2021,38812
Massachusetts,12/02/2021,39662
Massachusetts,13/02/2021,40349
Massachusetts,14/02/2021,43617
Massachusetts,15/02/2021,44264
Massachusetts,16/02/2021,44945
Massachusetts,17/02/2021,40922
Massachusetts,18/02/2021,41458
Massachusetts,19/02/2021,50527
Massachusetts,20/02/2021,52268
Massachusetts,21/02/2021,48704
Massachusetts,22/02/2021,50396
Massachusetts,23/02/2021,50460
Massachusetts,24/02/2021,51877
Massachusetts,25/02/2021,51691
Massachusetts,26/02/2021,44151
Massachusetts,27/02/2021,44129
Massachusetts,28/02/2021,44201
Massachusetts,01/03/2021,47791
Massachusetts,02/03/2021,48248
Massachusetts,03/03/2021,50086
Massachusetts,04/03/2021,52052
Massachusetts,05/03/2021,54321
Massachusetts,06/03/2021,56816
Massachusetts,07/03/2021,58920
Massachusetts,08/03/2021,56508
Massachusetts,09/03/2021,55479
Massachusetts,10/03/2021,61397
Massachusetts,11/03/2021,62186
Massachusetts,12/03/2021,62530
Massachusetts,13/03/2021,68528
Massachusetts,14/03/2021,59056
Massachusetts,15/03/2021,60226
Massachusetts,16/03/2021,58190
Michigan,13/01/2021,63834
Michigan,14/01/2021,49775
Michigan,15/01/2021,45499
Michigan,16/01/2021,41587
Michigan,17/01/2021,39240
Michigan,18/01/2021,37676
Michigan,19/01/2021,36558
Michigan,20/01/2021,31013
Michigan,21/01/2021,31658
Michigan,22/01/2021,33039
Michigan,23/01/2021,36947
Michigan,24/01/2021,38769
Michigan,25/01/2021,39100
Michigan,26/01/2021,36954
Michigan,27/01/2021,37632
Michigan,28/01/2021,37939
Michigan,29/01/2021,38744
Michigan,30/01/2021,38537
Michigan,31/01/2021,40251
Michigan,01/02/2021,39730
Michigan,02/02/2021,39030
Michigan,03/02/2021,38605
Michigan,04/02/2021,37770
Michigan,05/02/2021,38216
Michigan,06/02/2021,38680
Michigan,07/02/2021,39273
Michigan,08/02/2021,39547
Michigan,09/02/2021,42057
Michigan,10/02/2021,45237
Michigan,11/02/2021,47606
Michigan,12/02/2021,47350
Michigan,13/02/2021,49239
Michigan,14/02/2021,50433
Michigan,15/02/2021,49802
Michigan,16/02/2021,49589
Michigan,17/02/2021,45997
Michigan,18/02/2021,43820
Michigan,19/02/2021,52608
Michigan,20/02/2021,49455
Michigan,21/02/2021,46954
Michigan,22/02/2021,48744
Michigan,23/02/2021,46929
Michigan,24/02/2021,51942
Michigan,25/02/2021,54903
Michigan,26/02/2021,47438
Michigan,27/02/2021,51665
Michigan,28/02/2021,54967
Michigan,01/03/2021,55008
Michigan,02/03/2021,57718
Michigan,03/03/2021,54200
Michigan,04/03/2021,53383
Michigan,05/03/2021,55595
Michigan,06/03/2021,55951
Michigan,07/03/2021,56925
Michigan,08/03/2021,58331
Michigan,09/03/2021,56822
Michigan,10/03/2021,58203
Michigan,11/03/2021,60359
Michigan,12/03/2021,61128
Michigan,13/03/2021,62789
Michigan,14/03/2021,64172
Michigan,15/03/2021,57787
Michigan,16/03/2021,65473
Minnesota,13/01/2021,3115
Minnesota,14/01/2021,8722
Minnesota,15/01/2021,12004
Minnesota,16/01/2021,12333
Minnesota,17/01/2021,12531
Minnesota,18/01/2021,12662
Minnesota,19/01/2021,12756
Minnesota,20/01/2021,12456
Minnesota,21/01/2021,11390
Minnesota,22/01/2021,11426
Minnesota,23/01/2021,13389
Minnesota,24/01/2021,13755
Minnesota,25/01/2021,15521
Minnesota,26/01/2021,15558
Minnesota,27/01/2021,17550
Minnesota,28/01/2021,20603
Minnesota,29/01/2021,23159
Minnesota,30/01/2021,25793
Minnesota,31/01/2021,28223
Minnesota,01/02/2021,28495
Minnesota,02/02/2021,27466
Minnesota,03/02/2021,25329
Minnesota,04/02/2021,32973
Minnesota,05/02/2021,27729
Minnesota,06/02/2021,31074
Minnesota,07/02/2021,30049
Minnesota,08/02/2021,28423
Minnesota,09/02/2021,27513
Minnesota,10/02/2021,27513
Minnesota,11/02/2021,17116
Minnesota,12/02/2021,21793
Minnesota,13/02/2021,18302
Minnesota,14/02/2021,20236
Minnesota,15/02/2021,20646
Minnesota,16/02/2021,23369
Minnesota,17/02/2021,25699
Minnesota,18/02/2021,29002
Minnesota,19/02/2021,37825
Minnesota,20/02/2021,37976
Minnesota,21/02/2021,38014
Minnesota,22/02/2021,35500
Minnesota,23/02/2021,37341
Minnesota,24/02/2021,37703
Minnesota,25/02/2021,37361
Minnesota,26/02/2021,29997
Minnesota,27/02/2021,32139
Minnesota,28/02/2021,36735
Minnesota,01/03/2021,41617
Minnesota,02/03/2021,39088
Minnesota,03/03/2021,41205
Minnesota,04/03/2021,42011
Minnesota,05/03/2021,42969
Minnesota,06/03/2021,43673
Minnesota,07/03/2021,41066
Minnesota,08/03/2021,42289
Minnesota,09/03/2021,43302
Minnesota,10/03/2021,42062
Minnesota,11/03/2021,44388
Minnesota,12/03/2021,44590
Minnesota,13/03/2021,53259
Minnesota,14/03/2021,45642
Minnesota,15/03/2021,44532
Minnesota,16/03/2021,42737
Mississippi,13/01/2021,6745
Mississippi,14/01/2021,8652
Mississippi,15/01/2021,9928
Mississippi,16/01/2021,9274
Mississippi,17/01/2021,8881
Mississippi,18/01/2021,8620
Mississippi,19/01/2021,8433
Mississippi,20/01/2021,8757
Mississippi,21/01/2021,9263
Mississippi,22/01/2021,9457
Mississippi,23/01/2021,8412
Mississippi,24/01/2021,11241
Mississippi,25/01/2021,10671
Mississippi,26/01/2021,9777
Mississippi,27/01/2021,9665
Mississippi,28/01/2021,9222
Mississippi,29/01/2021,8889
Mississippi,30/01/2021,10280
Mississippi,31/01/2021,8395
Mississippi,01/02/2021,8271
Mississippi,02/02/2021,8302
Mississippi,03/02/2021,8667
Mississippi,04/02/2021,7094
Mississippi,05/02/2021,9019
Mississippi,06/02/2021,11140
Mississippi,07/02/2021,12090
Mississippi,08/02/2021,12653
Mississippi,09/02/2021,12708
Mississippi,10/02/2021,13515
Mississippi,11/02/2021,16356
Mississippi,12/02/2021,15778
Mississippi,13/02/2021,15323
Mississippi,14/02/2021,15167
Mississippi,15/02/2021,15050
Mississippi,16/02/2021,15612
Mississippi,17/02/2021,13265
Mississippi,18/02/2021,10423
Mississippi,19/02/2021,12567
Mississippi,20/02/2021,10529
Mississippi,21/02/2021,9131
Mississippi,22/02/2021,9468
Mississippi,23/02/2021,9613
Mississippi,24/02/2021,12443
Mississippi,25/02/2021,12517
Mississippi,26/02/2021,13282
Mississippi,27/02/2021,16004
Mississippi,28/02/2021,18305
Mississippi,01/03/2021,19723
Mississippi,02/03/2021,20112
Mississippi,03/03/2021,20044
Mississippi,04/03/2021,22804
Mississippi,05/03/2021,20469
Mississippi,06/03/2021,20482
Mississippi,07/03/2021,20778
Mississippi,08/03/2021,19879
Mississippi,09/03/2021,19173
Mississippi,10/03/2021,19362
Mississippi,11/03/2021,19713
Mississippi,12/03/2021,16281
Mississippi,13/03/2021,22880
Mississippi,14/03/2021,18898
Mississippi,15/03/2021,18256
Mississippi,16/03/2021,17927
Missouri,13/01/2021,0
Missouri,14/01/2021,6765
Missouri,15/01/2021,9554
Missouri,16/01/2021,10029
Missouri,17/01/2021,10313
Missouri,18/01/2021,10503
Missouri,19/01/2021,10639
Missouri,20/01/2021,11813
Missouri,21/01/2021,12867
Missouri,22/01/2021,13607
Missouri,23/01/2021,12832
Missouri,24/01/2021,14912
Missouri,25/01/2021,15842
Missouri,26/01/2021,14860
Missouri,27/01/2021,16239
Missouri,28/01/2021,16739
Missouri,29/01/2021,17535
Missouri,30/01/2021,16674
Missouri,31/01/2021,18092
Missouri,01/02/2021,18072
Missouri,02/02/2021,18019
Missouri,03/02/2021,17709
Missouri,04/02/2021,17522
Missouri,05/02/2021,18250
Missouri,06/02/2021,25073
Missouri,07/02/2021,25824
Missouri,08/02/2021,25891
Missouri,09/02/2021,25780
Missouri,10/02/2021,26792
Missouri,11/02/2021,27112
Missouri,12/02/2021,25899
Missouri,13/02/2021,31850
Missouri,14/02/2021,31839
Missouri,15/02/2021,31435
Missouri,16/02/2021,33154
Missouri,17/02/2021,31764
Missouri,18/02/2021,31498
Missouri,19/02/2021,42395
Missouri,20/02/2021,33710
Missouri,21/02/2021,33671
Missouri,22/02/2021,34346
Missouri,23/02/2021,33139
Missouri,24/02/2021,35032
Missouri,25/02/2021,36045
Missouri,26/02/2021,28457
Missouri,27/02/2021,33602
Missouri,28/02/2021,27955
Missouri,01/03/2021,38731
Missouri,02/03/2021,39022
Missouri,03/03/2021,39796
Missouri,04/03/2021,41522
Missouri,05/03/2021,41541
Missouri,06/03/2021,39153
Missouri,07/03/2021,45816
Missouri,08/03/2021,36977
Missouri,09/03/2021,37576
Missouri,10/03/2021,38508
Missouri,11/03/2021,38020
Missouri,12/03/2021,36508
Missouri,13/03/2021,45011
Missouri,14/03/2021,38159
Missouri,15/03/2021,37603
Missouri,16/03/2021,37252
Montana,13/01/2021,1980
Montana,14/01/2021,2268
Montana,15/01/2021,2427
Montana,16/01/2021,2228
Montana,17/01/2021,2109
Montana,18/01/2021,2030
Montana,19/01/2021,1973
Montana,20/01/2021,1880
Montana,21/01/2021,1967
Montana,22/01/2021,2426
Montana,23/01/2021,3078
Montana,24/01/2021,3423
Montana,25/01/2021,3299
Montana,26/01/2021,3122
Montana,27/01/2021,3421
Montana,28/01/2021,3689
Montana,29/01/2021,3749
Montana,30/01/2021,3818
Montana,31/01/2021,3991
Montana,01/02/2021,4113
Montana,02/02/2021,4225
Montana,03/02/2021,4172
Montana,04/02/2021,4276
Montana,05/02/2021,4278
Montana,06/02/2021,4516
Montana,07/02/2021,4749
Montana,08/02/2021,4733
Montana,09/02/2021,4686
Montana,10/02/2021,4853
Montana,11/02/2021,4742
Montana,12/02/2021,5023
Montana,13/02/2021,5211
Montana,14/02/2021,5578
Montana,15/02/2021,5709
Montana,16/02/2021,5934
Montana,17/02/2021,5748
Montana,18/02/2021,5819
Montana,19/02/2021,9076
Montana,20/02/2021,8790
Montana,21/02/2021,8613
Montana,22/02/2021,8797
Montana,23/02/2021,8764
Montana,24/02/2021,8864
Montana,25/02/2021,8889
Montana,26/02/2021,5681
Montana,27/02/2021,6026
Montana,28/02/2021,6332
Montana,01/03/2021,6266
Montana,02/03/2021,6164
Montana,03/03/2021,6421
Montana,04/03/2021,6959
Montana,05/03/2021,7329
Montana,06/03/2021,7575
Montana,07/03/2021,7940
Montana,08/03/2021,8125
Montana,09/03/2021,8205
Montana,10/03/2021,8294
Montana,11/03/2021,8348
Montana,12/03/2021,8310
Montana,13/03/2021,8448
Montana,14/03/2021,8395
Montana,15/03/2021,8186
Montana,16/03/2021,8303
Nebraska,13/01/2021,5260
Nebraska,14/01/2021,5240
Nebraska,15/01/2021,5585
Nebraska,16/01/2021,4970
Nebraska,17/01/2021,4601
Nebraska,18/01/2021,4354
Nebraska,19/01/2021,4179
Nebraska,20/01/2021,3798
Nebraska,21/01/2021,3846
Nebraska,22/01/2021,3894
Nebraska,23/01/2021,4250
Nebraska,24/01/2021,5058
Nebraska,25/01/2021,4781
Nebraska,26/01/2021,4492
Nebraska,27/01/2021,4756
Nebraska,28/01/2021,5454
Nebraska,29/01/2021,5703
Nebraska,30/01/2021,6172
Nebraska,31/01/2021,6409
Nebraska,01/02/2021,6698
Nebraska,02/02/2021,6754
Nebraska,03/02/2021,6959
Nebraska,04/02/2021,6444
Nebraska,05/02/2021,6538
Nebraska,06/02/2021,7304
Nebraska,07/02/2021,7595
Nebraska,08/02/2021,7592
Nebraska,09/02/2021,7555
Nebraska,10/02/2021,7540
Nebraska,11/02/2021,7536
Nebraska,12/02/2021,7967
Nebraska,13/02/2021,7935
Nebraska,14/02/2021,7833
Nebraska,15/02/2021,7729
Nebraska,16/02/2021,7904
Nebraska,17/02/2021,7691
Nebraska,18/02/2021,8168
Nebraska,19/02/2021,12550
Nebraska,20/02/2021,12376
Nebraska,21/02/2021,12421
Nebraska,22/02/2021,13212
Nebraska,23/02/2021,14590
Nebraska,24/02/2021,15856
Nebraska,25/02/2021,16766
Nebraska,26/02/2021,13508
Nebraska,27/02/2021,11913
Nebraska,28/02/2021,14541
Nebraska,01/03/2021,13667
Nebraska,02/03/2021,13162
Nebraska,03/03/2021,13030
Nebraska,04/03/2021,13011
Nebraska,05/03/2021,13272
Nebraska,06/03/2021,13165
Nebraska,07/03/2021,11660
Nebraska,08/03/2021,13871
Nebraska,09/03/2021,15629
Nebraska,10/03/2021,15752
Nebraska,11/03/2021,16610
Nebraska,12/03/2021,16882
Nebraska,13/03/2021,18600
Nebraska,14/03/2021,15765
Nebraska,15/03/2021,15917
Nebraska,16/03/2021,14698
Nevada,13/01/2021,0
Nevada,14/01/2021,7596
Nevada,15/01/2021,7340
Nevada,16/01/2021,6703
Nevada,17/01/2021,6321
Nevada,18/01/2021,6066
Nevada,19/01/2021,5884
Nevada,20/01/2021,6497
Nevada,21/01/2021,5592
Nevada,22/01/2021,6112
Nevada,23/01/2021,6938
Nevada,24/01/2021,8421
Nevada,25/01/2021,8832
Nevada,26/01/2021,8789
Nevada,27/01/2021,9605
Nevada,28/01/2021,11279
Nevada,29/01/2021,11961
Nevada,30/01/2021,12452
Nevada,31/01/2021,12696
Nevada,01/02/2021,12698
Nevada,02/02/2021,12687
Nevada,03/02/2021,15015
Nevada,04/02/2021,13808
Nevada,05/02/2021,13448
Nevada,06/02/2021,14009
Nevada,07/02/2021,13285
Nevada,08/02/2021,13990
Nevada,09/02/2021,14051
Nevada,10/02/2021,12409
Nevada,11/02/2021,12497
Nevada,12/02/2021,12836
Nevada,13/02/2021,12686
Nevada,14/02/2021,13479
Nevada,15/02/2021,12990
Nevada,16/02/2021,13610
Nevada,17/02/2021,12383
Nevada,18/02/2021,12558
Nevada,19/02/2021,18309
Nevada,20/02/2021,20669
Nevada,21/02/2021,20198
Nevada,22/02/2021,21272
Nevada,23/02/2021,21660
Nevada,24/02/2021,21973
Nevada,25/02/2021,22173
Nevada,26/02/2021,17176
Nevada,27/02/2021,15691
Nevada,28/02/2021,16555
Nevada,01/03/2021,18372
Nevada,02/03/2021,17823
Nevada,03/03/2021,18162
Nevada,04/03/2021,18282
Nevada,05/03/2021,18675
Nevada,06/03/2021,19208
Nevada,07/03/2021,20510
Nevada,08/03/2021,20110
Nevada,09/03/2021,20255
Nevada,10/03/2021,20670
Nevada,11/03/2021,22049
Nevada,12/03/2021,22496
Nevada,13/03/2021,22668
Nevada,14/03/2021,22869
Nevada,15/03/2021,22559
Nevada,16/03/2021,22167
New Hampshire,13/01/2021,4605
New Hampshire,14/01/2021,4049
New Hampshire,15/01/2021,3968
New Hampshire,16/01/2021,3541
New Hampshire,17/01/2021,3285
New Hampshire,18/01/2021,3114
New Hampshire,19/01/2021,2992
New Hampshire,20/01/2021,2886
New Hampshire,21/01/2021,3133
New Hampshire,22/01/2021,3297
New Hampshire,23/01/2021,3577
New Hampshire,24/01/2021,3757
New Hampshire,25/01/2021,3618
New Hampshire,26/01/2021,3635
New Hampshire,27/01/2021,3952
New Hampshire,28/01/2021,4259
New Hampshire,29/01/2021,4545
New Hampshire,30/01/2021,4846
New Hampshire,31/01/2021,4996
New Hampshire,01/02/2021,5127
New Hampshire,02/02/2021,5542
New Hampshire,03/02/2021,5027
New Hampshire,04/02/2021,4948
New Hampshire,05/02/2021,5105
New Hampshire,06/02/2021,5348
New Hampshire,07/02/2021,5368
New Hampshire,08/02/2021,5155
New Hampshire,09/02/2021,4704
New Hampshire,10/02/2021,5417
New Hampshire,11/02/2021,5574
New Hampshire,12/02/2021,5424
New Hampshire,13/02/2021,5642
New Hampshire,14/02/2021,6093
New Hampshire,15/02/2021,6570
New Hampshire,16/02/2021,6846
New Hampshire,17/02/2021,6018
New Hampshire,18/02/2021,6109
New Hampshire,19/02/2021,7182
New Hampshire,20/02/2021,7089
New Hampshire,21/02/2021,7467
New Hampshire,22/02/2021,7900
New Hampshire,23/02/2021,8231
New Hampshire,24/02/2021,9131
New Hampshire,25/02/2021,9198
New Hampshire,26/02/2021,8355
New Hampshire,27/02/2021,8639
New Hampshire,28/02/2021,8685
New Hampshire,01/03/2021,8130
New Hampshire,02/03/2021,8039
New Hampshire,03/03/2021,8178
New Hampshire,04/03/2021,8368
New Hampshire,05/03/2021,8375
New Hampshire,06/03/2021,8620
New Hampshire,07/03/2021,8643
New Hampshire,08/03/2021,8668
New Hampshire,09/03/2021,9056
New Hampshire,10/03/2021,9412
New Hampshire,11/03/2021,9833
New Hampshire,12/03/2021,10400
New Hampshire,13/03/2021,11285
New Hampshire,14/03/2021,11228
New Hampshire,15/03/2021,11392
New Hampshire,16/03/2021,11078
New Jersey,13/01/2021,41937
New Jersey,14/01/2021,21188
New Jersey,15/01/2021,32008
New Jersey,16/01/2021,29199
New Jersey,17/01/2021,27513
New Jersey,18/01/2021,26389
New Jersey,19/01/2021,25586
New Jersey,20/01/2021,24177
New Jersey,21/01/2021,24114
New Jersey,22/01/2021,21042
New Jersey,23/01/2021,23293
New Jersey,24/01/2021,25288
New Jersey,25/01/2021,26252
New Jersey,26/01/2021,25084
New Jersey,27/01/2021,25663
New Jersey,28/01/2021,30856
New Jersey,29/01/2021,37580
New Jersey,30/01/2021,38294
New Jersey,31/01/2021,37116
New Jersey,01/02/2021,35307
New Jersey,02/02/2021,37264
New Jersey,03/02/2021,34266
New Jersey,04/02/2021,29072
New Jersey,05/02/2021,22473
New Jersey,06/02/2021,38906
New Jersey,07/02/2021,39909
New Jersey,08/02/2021,40656
New Jersey,09/02/2021,37172
New Jersey,10/02/2021,42430
New Jersey,11/02/2021,49279
New Jersey,12/02/2021,52572
New Jersey,13/02/2021,38345
New Jersey,14/02/2021,39217
New Jersey,15/02/2021,41921
New Jersey,16/02/2021,47221
New Jersey,17/02/2021,47383
New Jersey,18/02/2021,49357
New Jersey,19/02/2021,50244
New Jersey,20/02/2021,48414
New Jersey,21/02/2021,48529
New Jersey,22/02/2021,46183
New Jersey,23/02/2021,47389
New Jersey,24/02/2021,46169
New Jersey,25/02/2021,46315
New Jersey,26/02/2021,48381
New Jersey,27/02/2021,51418
New Jersey,28/02/2021,53805
New Jersey,01/03/2021,54984
New Jersey,02/03/2021,61182
New Jersey,03/03/2021,63752
New Jersey,04/03/2021,65554
New Jersey,05/03/2021,65709
New Jersey,06/03/2021,67167
New Jersey,07/03/2021,66956
New Jersey,08/03/2021,67911
New Jersey,09/03/2021,64587
New Jersey,10/03/2021,66441
New Jersey,11/03/2021,72811
New Jersey,12/03/2021,73389
New Jersey,13/03/2021,76089
New Jersey,14/03/2021,75859
New Jersey,15/03/2021,77298
New Jersey,16/03/2021,76470
New Mexico,13/01/2021,3620
New Mexico,14/01/2021,5590
New Mexico,15/01/2021,7023
New Mexico,16/01/2021,7695
New Mexico,17/01/2021,8098
New Mexico,18/01/2021,8367
New Mexico,19/01/2021,8559
New Mexico,20/01/2021,8778
New Mexico,21/01/2021,9007
New Mexico,22/01/2021,8963
New Mexico,23/01/2021,10812
New Mexico,24/01/2021,11630
New Mexico,25/01/2021,10890
New Mexico,26/01/2021,10284
New Mexico,27/01/2021,10539
New Mexico,28/01/2021,10318
New Mexico,29/01/2021,10959
New Mexico,30/01/2021,9089
New Mexico,31/01/2021,9144
New Mexico,01/02/2021,10079
New Mexico,02/02/2021,9640
New Mexico,03/02/2021,9679
New Mexico,04/02/2021,9982
New Mexico,05/02/2021,9741
New Mexico,06/02/2021,10613
New Mexico,07/02/2021,9664
New Mexico,08/02/2021,9652
New Mexico,09/02/2021,9778
New Mexico,10/02/2021,9971
New Mexico,11/02/2021,10757
New Mexico,12/02/2021,11694
New Mexico,13/02/2021,11043
New Mexico,14/02/2021,12584
New Mexico,15/02/2021,12691
New Mexico,16/02/2021,13899
New Mexico,17/02/2021,13250
New Mexico,18/02/2021,12310
New Mexico,19/02/2021,24825
New Mexico,20/02/2021,25572
New Mexico,21/02/2021,25153
New Mexico,22/02/2021,24730
New Mexico,23/02/2021,24162
New Mexico,24/02/2021,24470
New Mexico,25/02/2021,25544
New Mexico,26/02/2021,13505
New Mexico,27/02/2021,14167
New Mexico,28/02/2021,15655
New Mexico,01/03/2021,15269
New Mexico,02/03/2021,15570
New Mexico,03/03/2021,16752
New Mexico,04/03/2021,15580
New Mexico,05/03/2021,15550
New Mexico,06/03/2021,17575
New Mexico,07/03/2021,15499
New Mexico,08/03/2021,17467
New Mexico,09/03/2021,16790
New Mexico,10/03/2021,14958
New Mexico,11/03/2021,17684
New Mexico,12/03/2021,18517
New Mexico,13/03/2021,16020
New Mexico,14/03/2021,18306
New Mexico,15/03/2021,16955
New Mexico,16/03/2021,18783
New York State,13/01/2021,52941
New York State,14/01/2021,54522
New York State,15/01/2021,59311
New York State,16/01/2021,59662
New York State,17/01/2021,59872
New York State,18/01/2021,60012
New York State,19/01/2021,60112
New York State,20/01/2021,59145
New York State,21/01/2021,61124
New York State,22/01/2021,63790
New York State,23/01/2021,66334
New York State,24/01/2021,69502
New York State,25/01/2021,68387
New York State,26/01/2021,64808
New York State,27/01/2021,67458
New York State,28/01/2021,73438
New York State,29/01/2021,71318
New York State,30/01/2021,72774
New York State,31/01/2021,72865
New York State,01/02/2021,72765
New York State,02/02/2021,73211
New York State,03/02/2021,69210
New York State,04/02/2021,61400
New York State,05/02/2021,61298
New York State,06/02/2021,61912
New York State,07/02/2021,65915
New York State,08/02/2021,70058
New York State,09/02/2021,67892
New York State,10/02/2021,76093
New York State,11/02/2021,80062
New York State,12/02/2021,82892
New York State,13/02/2021,85146
New York State,14/02/2021,84046
New York State,15/02/2021,85676
New York State,16/02/2021,95534
New York State,17/02/2021,91775
New York State,18/02/2021,90449
New York State,19/02/2021,104996
New York State,20/02/2021,102095
New York State,21/02/2021,99541
New York State,22/02/2021,99122
New York State,23/02/2021,94610
New York State,24/02/2021,91830
New York State,25/02/2021,89347
New York State,26/02/2021,72524
New York State,27/02/2021,74919
New York State,28/02/2021,86182
New York State,01/03/2021,91983
New York State,02/03/2021,103303
New York State,03/03/2021,112359
New York State,04/03/2021,121644
New York State,05/03/2021,129919
New York State,06/03/2021,140251
New York State,07/03/2021,144621
New York State,08/03/2021,151537
New York State,09/03/2021,147075
New York State,10/03/2021,154877
New York State,11/03/2021,158585
New York State,12/03/2021,162157
New York State,13/03/2021,178982
New York State,14/03/2021,151066
New York State,15/03/2021,146737
New York State,16/03/2021,149501
North Carolina,13/01/2021,55328
North Carolina,14/01/2021,28301
North Carolina,15/01/2021,30405
North Carolina,16/01/2021,28926
North Carolina,17/01/2021,28038
North Carolina,18/01/2021,27447
North Carolina,19/01/2021,27024
North Carolina,20/01/2021,22935
North Carolina,21/01/2021,29296
North Carolina,22/01/2021,31727
North Carolina,23/01/2021,35671
North Carolina,24/01/2021,40662
North Carolina,25/01/2021,42821
North Carolina,26/01/2021,42706
North Carolina,27/01/2021,41324
North Carolina,28/01/2021,53788
North Carolina,29/01/2021,46616
North Carolina,30/01/2021,45961
North Carolina,31/01/2021,45031
North Carolina,01/02/2021,42815
North Carolina,02/02/2021,39490
North Carolina,03/02/2021,44276
North Carolina,04/02/2021,30525
North Carolina,05/02/2021,36979
North Carolina,06/02/2021,38929
North Carolina,07/02/2021,41555
North Carolina,08/02/2021,42660
North Carolina,09/02/2021,44477
North Carolina,10/02/2021,44199
North Carolina,11/02/2021,45597
North Carolina,12/02/2021,48191
North Carolina,13/02/2021,50312
North Carolina,14/02/2021,53556
North Carolina,15/02/2021,53826
North Carolina,16/02/2021,56765
North Carolina,17/02/2021,56964
North Carolina,18/02/2021,57088
North Carolina,19/02/2021,73115
North Carolina,20/02/2021,69341
North Carolina,21/02/2021,64439
North Carolina,22/02/2021,64854
North Carolina,23/02/2021,61910
North Carolina,24/02/2021,61381
North Carolina,25/02/2021,61164
North Carolina,26/02/2021,46498
North Carolina,27/02/2021,51031
North Carolina,28/02/2021,57036
North Carolina,01/03/2021,60066
North Carolina,02/03/2021,60984
North Carolina,03/03/2021,63203
North Carolina,04/03/2021,64444
North Carolina,05/03/2021,56531
North Carolina,06/03/2021,56396
North Carolina,07/03/2021,51845
North Carolina,08/03/2021,50910
North Carolina,09/03/2021,52006
North Carolina,10/03/2021,53160
North Carolina,11/03/2021,55226
North Carolina,12/03/2021,69359
North Carolina,13/03/2021,90125
North Carolina,14/03/2021,83400
North Carolina,15/03/2021,85506
North Carolina,16/03/2021,93581
North Dakota,13/01/2021,1249
North Dakota,14/01/2021,1648
North Dakota,15/01/2021,2310
North Dakota,16/01/2021,2370
North Dakota,17/01/2021,2406
North Dakota,18/01/2021,2430
North Dakota,19/01/2021,2447
North Dakota,20/01/2021,2418
North Dakota,21/01/2021,2353
North Dakota,22/01/2021,2528
North Dakota,23/01/2021,2863
North Dakota,24/01/2021,3095
North Dakota,25/01/2021,3026
North Dakota,26/01/2021,2693
North Dakota,27/01/2021,2796
North Dakota,28/01/2021,2972
North Dakota,29/01/2021,3153
North Dakota,30/01/2021,3227
North Dakota,31/01/2021,3534
North Dakota,01/02/2021,3463
North Dakota,02/02/2021,3505
North Dakota,03/02/2021,3763
North Dakota,04/02/2021,3836
North Dakota,05/02/2021,3807
North Dakota,06/02/2021,4165
North Dakota,07/02/2021,4130
North Dakota,08/02/2021,4328
North Dakota,09/02/2021,4256
North Dakota,10/02/2021,3778
North Dakota,11/02/2021,3817
North Dakota,12/02/2021,3795
North Dakota,13/02/2021,3348
North Dakota,14/02/2021,3156
North Dakota,15/02/2021,3056
North Dakota,16/02/2021,3378
North Dakota,17/02/2021,3438
North Dakota,18/02/2021,3305
North Dakota,19/02/2021,6133
North Dakota,20/02/2021,6331
North Dakota,21/02/2021,6499
North Dakota,22/02/2021,6456
North Dakota,23/02/2021,6164
North Dakota,24/02/2021,6532
North Dakota,25/02/2021,6737
North Dakota,26/02/2021,4329
North Dakota,27/02/2021,5262
North Dakota,28/02/2021,5686
North Dakota,01/03/2021,6031
North Dakota,02/03/2021,6039
North Dakota,03/03/2021,5910
North Dakota,04/03/2021,6054
North Dakota,05/03/2021,6094
North Dakota,06/03/2021,5543
North Dakota,07/03/2021,5502
North Dakota,08/03/2021,5343
North Dakota,09/03/2021,5571
North Dakota,10/03/2021,5654
North Dakota,11/03/2021,5744
North Dakota,12/03/2021,6046
North Dakota,13/03/2021,6367
North Dakota,14/03/2021,6330
North Dakota,15/03/2021,6527
North Dakota,16/03/2021,6264
Ohio,13/01/2021,17428
Ohio,14/01/2021,18267
Ohio,15/01/2021,21179
Ohio,16/01/2021,21926
Ohio,17/01/2021,22373
Ohio,18/01/2021,22672
Ohio,19/01/2021,22885
Ohio,20/01/2021,22595
Ohio,21/01/2021,19865
Ohio,22/01/2021,24296
Ohio,23/01/2021,27905
Ohio,24/01/2021,31907
Ohio,25/01/2021,33957
Ohio,26/01/2021,33706
Ohio,27/01/2021,36967
Ohio,28/01/2021,43198
Ohio,29/01/2021,42514
Ohio,30/01/2021,45154
Ohio,31/01/2021,43844
Ohio,01/02/2021,45572
Ohio,02/02/2021,48159
Ohio,03/02/2021,48449
Ohio,04/02/2021,48316
Ohio,05/02/2021,47734
Ohio,06/02/2021,47355
Ohio,07/02/2021,48565
Ohio,08/02/2021,48814
Ohio,09/02/2021,46941
Ohio,10/02/2021,45864
Ohio,11/02/2021,47299
Ohio,12/02/2021,51893
Ohio,13/02/2021,52952
Ohio,14/02/2021,56851
Ohio,15/02/2021,56733
Ohio,16/02/2021,60179
Ohio,17/02/2021,59820
Ohio,18/02/2021,57466
Ohio,19/02/2021,65606
Ohio,20/02/2021,64835
Ohio,21/02/2021,64109
Ohio,22/02/2021,64736
Ohio,23/02/2021,61964
Ohio,24/02/2021,66136
Ohio,25/02/2021,70021
Ohio,26/02/2021,59061
Ohio,27/02/2021,62123
Ohio,28/02/2021,65588
Ohio,01/03/2021,66320
Ohio,02/03/2021,70639
Ohio,03/03/2021,71704
Ohio,04/03/2021,71267
Ohio,05/03/2021,72136
Ohio,06/03/2021,75052
Ohio,07/03/2021,75926
Ohio,08/03/2021,77561
Ohio,09/03/2021,76075
Ohio,10/03/2021,75203
Ohio,11/03/2021,77234
Ohio,12/03/2021,82275
Ohio,13/03/2021,85292
Ohio,14/03/2021,85837
Ohio,15/03/2021,87935
Ohio,16/03/2021,86746
Oklahoma,13/01/2021,14560
Oklahoma,14/01/2021,14712
Oklahoma,15/01/2021,15189
Oklahoma,16/01/2021,13809
Oklahoma,17/01/2021,12982
Oklahoma,18/01/2021,12430
Oklahoma,19/01/2021,12036
Oklahoma,20/01/2021,11326
Oklahoma,21/01/2021,11453
Oklahoma,22/01/2021,12013
Oklahoma,23/01/2021,13104
Oklahoma,24/01/2021,14294
Oklahoma,25/01/2021,13446
Oklahoma,26/01/2021,12397
Oklahoma,27/01/2021,13351
Oklahoma,28/01/2021,13688
Oklahoma,29/01/2021,14169
Oklahoma,30/01/2021,15071
Oklahoma,31/01/2021,16454
Oklahoma,01/02/2021,16719
Oklahoma,02/02/2021,16686
Oklahoma,03/02/2021,16757
Oklahoma,04/02/2021,17304
Oklahoma,05/02/2021,17715
Oklahoma,06/02/2021,18707
Oklahoma,07/02/2021,19394
Oklahoma,08/02/2021,20353
Oklahoma,09/02/2021,20362
Oklahoma,10/02/2021,20567
Oklahoma,11/02/2021,20568
Oklahoma,12/02/2021,18523
Oklahoma,13/02/2021,17083
Oklahoma,14/02/2021,15515
Oklahoma,15/02/2021,14633
Oklahoma,16/02/2021,15201
Oklahoma,17/02/2021,12862
Oklahoma,18/02/2021,10297
Oklahoma,19/02/2021,24738
Oklahoma,20/02/2021,24295
Oklahoma,21/02/2021,26230
Oklahoma,22/02/2021,28963
Oklahoma,23/02/2021,30281
Oklahoma,24/02/2021,34146
Oklahoma,25/02/2021,38155
Oklahoma,26/02/2021,27507
Oklahoma,27/02/2021,30870
Oklahoma,28/02/2021,32772
Oklahoma,01/03/2021,32546
Oklahoma,02/03/2021,31154
Oklahoma,03/03/2021,30339
Oklahoma,04/03/2021,30556
Oklahoma,05/03/2021,29568
Oklahoma,06/03/2021,28451
Oklahoma,07/03/2021,26152
Oklahoma,08/03/2021,25941
Oklahoma,09/03/2021,26087
Oklahoma,10/03/2021,26712
Oklahoma,11/03/2021,26214
Oklahoma,12/03/2021,26463
Oklahoma,13/03/2021,27045
Oklahoma,14/03/2021,26681
Oklahoma,15/03/2021,26094
Oklahoma,16/03/2021,25874
Oregon,13/01/2021,10465
Oregon,14/01/2021,12593
Oregon,15/01/2021,13848
Oregon,16/01/2021,14809
Oregon,17/01/2021,15386
Oregon,18/01/2021,15771
Oregon,19/01/2021,16045
Oregon,20/01/2021,14550
Oregon,21/01/2021,12447
Oregon,22/01/2021,15365
Oregon,23/01/2021,15231
Oregon,24/01/2021,14912
Oregon,25/01/2021,14492
Oregon,26/01/2021,13020
Oregon,27/01/2021,15509
Oregon,28/01/2021,17636
Oregon,29/01/2021,15098
Oregon,30/01/2021,15990
Oregon,31/01/2021,17424
Oregon,01/02/2021,17564
Oregon,02/02/2021,18605
Oregon,03/02/2021,18397
Oregon,04/02/2021,18800
Oregon,05/02/2021,18252
Oregon,06/02/2021,18212
Oregon,07/02/2021,17837
Oregon,08/02/2021,18688
Oregon,09/02/2021,19199
Oregon,10/02/2021,19252
Oregon,11/02/2021,16722
Oregon,12/02/2021,14555
Oregon,13/02/2021,20151
Oregon,14/02/2021,19796
Oregon,15/02/2021,17689
Oregon,16/02/2021,16074
Oregon,17/02/2021,14821
Oregon,18/02/2021,17076
Oregon,19/02/2021,25515
Oregon,20/02/2021,20550
Oregon,21/02/2021,21486
Oregon,22/02/2021,23706
Oregon,23/02/2021,25678
Oregon,24/02/2021,24710
Oregon,25/02/2021,25852
Oregon,26/02/2021,22889
Oregon,27/02/2021,23699
Oregon,28/02/2021,24669
Oregon,01/03/2021,25692
Oregon,02/03/2021,24769
Oregon,03/03/2021,26330
Oregon,04/03/2021,26216
Oregon,05/03/2021,24302
Oregon,06/03/2021,25313
Oregon,07/03/2021,25491
Oregon,08/03/2021,25090
Oregon,09/03/2021,26234
Oregon,10/03/2021,26968
Oregon,11/03/2021,23823
Oregon,12/03/2021,24816
Oregon,13/03/2021,28025
Oregon,14/03/2021,27662
Oregon,15/03/2021,26874
Oregon,16/03/2021,27186
Pennsylvania,13/01/2021,37996
Pennsylvania,14/01/2021,34233
Pennsylvania,15/01/2021,35401
Pennsylvania,16/01/2021,32567
Pennsylvania,17/01/2021,30867
Pennsylvania,18/01/2021,29734
Pennsylvania,19/01/2021,28924
Pennsylvania,20/01/2021,26959
Pennsylvania,21/01/2021,27859
Pennsylvania,22/01/2021,29248
Pennsylvania,23/01/2021,31950
Pennsylvania,24/01/2021,35472
Pennsylvania,25/01/2021,36636
Pennsylvania,26/01/2021,36563
Pennsylvania,27/01/2021,40474
Pennsylvania,28/01/2021,35849
Pennsylvania,29/01/2021,45694
Pennsylvania,30/01/2021,48079
Pennsylvania,31/01/2021,49083
Pennsylvania,01/02/2021,51055
Pennsylvania,02/02/2021,50799
Pennsylvania,03/02/2021,43730
Pennsylvania,04/02/2021,51766
Pennsylvania,05/02/2021,42684
Pennsylvania,06/02/2021,43724
Pennsylvania,07/02/2021,45667
Pennsylvania,08/02/2021,43882
Pennsylvania,09/02/2021,46034
Pennsylvania,10/02/2021,54281
Pennsylvania,11/02/2021,53677
Pennsylvania,12/02/2021,56762
Pennsylvania,13/02/2021,48534
Pennsylvania,14/02/2021,59213
Pennsylvania,15/02/2021,55160
Pennsylvania,16/02/2021,50636
Pennsylvania,17/02/2021,58875
Pennsylvania,18/02/2021,58330
Pennsylvania,19/02/2021,73730
Pennsylvania,20/02/2021,79082
Pennsylvania,21/02/2021,69214
Pennsylvania,22/02/2021,75797
Pennsylvania,23/02/2021,78350
Pennsylvania,24/02/2021,67892
Pennsylvania,25/02/2021,69590
Pennsylvania,26/02/2021,53951
Pennsylvania,27/02/2021,63458
Pennsylvania,28/02/2021,63574
Pennsylvania,01/03/2021,68183
Pennsylvania,02/03/2021,72196
Pennsylvania,03/03/2021,74736
Pennsylvania,04/03/2021,78068
Pennsylvania,05/03/2021,86723
Pennsylvania,06/03/2021,88971
Pennsylvania,07/03/2021,81060
Pennsylvania,08/03/2021,71465
Pennsylvania,09/03/2021,91116
Pennsylvania,10/03/2021,98490
Pennsylvania,11/03/2021,100106
Pennsylvania,12/03/2021,84202
Pennsylvania,13/03/2021,113553
Pennsylvania,14/03/2021,124576
Pennsylvania,15/03/2021,135409
Pennsylvania,16/03/2021,116653
Rhode Island,13/01/2021,2460
Rhode Island,14/01/2021,2652
Rhode Island,15/01/2021,2660
Rhode Island,16/01/2021,2403
Rhode Island,17/01/2021,2249
Rhode Island,18/01/2021,2147
Rhode Island,19/01/2021,2073
Rhode Island,20/01/2021,2084
Rhode Island,21/01/2021,2020
Rhode Island,22/01/2021,2061
Rhode Island,23/01/2021,2010
Rhode Island,24/01/2021,2393
Rhode Island,25/01/2021,2567
Rhode Island,26/01/2021,2598
Rhode Island,27/01/2021,2810
Rhode Island,28/01/2021,3018
Rhode Island,29/01/2021,3090
Rhode Island,30/01/2021,3549
Rhode Island,31/01/2021,3373
Rhode Island,01/02/2021,3403
Rhode Island,02/02/2021,3897
Rhode Island,03/02/2021,3599
Rhode Island,04/02/2021,3391
Rhode Island,05/02/2021,3335
Rhode Island,06/02/2021,3391
Rhode Island,07/02/2021,3699
Rhode Island,08/02/2021,3749
Rhode Island,09/02/2021,3220
Rhode Island,10/02/2021,3355
Rhode Island,11/02/2021,3436
Rhode Island,12/02/2021,3566
Rhode Island,13/02/2021,3582
Rhode Island,14/02/2021,3441
Rhode Island,15/02/2021,3372
Rhode Island,16/02/2021,3563
Rhode Island,17/02/2021,3782
Rhode Island,18/02/2021,4571
Rhode Island,19/02/2021,7116
Rhode Island,20/02/2021,7713
Rhode Island,21/02/2021,8210
Rhode Island,22/02/2021,8850
Rhode Island,23/02/2021,9234
Rhode Island,24/02/2021,9580
Rhode Island,25/02/2021,9538
Rhode Island,26/02/2021,7595
Rhode Island,27/02/2021,7816
Rhode Island,28/02/2021,8304
Rhode Island,01/03/2021,9068
Rhode Island,02/03/2021,9163
Rhode Island,03/03/2021,9181
Rhode Island,04/03/2021,9181
Rhode Island,05/03/2021,9377
Rhode Island,06/03/2021,9240
Rhode Island,07/03/2021,8945
Rhode Island,08/03/2021,8174
Rhode Island,09/03/2021,8258
Rhode Island,10/03/2021,8319
Rhode Island,11/03/2021,8574
Rhode Island,12/03/2021,8425
Rhode Island,13/03/2021,8162
Rhode Island,14/03/2021,7832
Rhode Island,15/03/2021,8813
Rhode Island,16/03/2021,9034
South Carolina,13/01/2021,18812
South Carolina,14/01/2021,17390
South Carolina,15/01/2021,13587
South Carolina,16/01/2021,14274
South Carolina,17/01/2021,14686
South Carolina,18/01/2021,14961
South Carolina,19/01/2021,15157
South Carolina,20/01/2021,13246
South Carolina,21/01/2021,13397
South Carolina,22/01/2021,15309
South Carolina,23/01/2021,15855
South Carolina,24/01/2021,17756
South Carolina,25/01/2021,19501
South Carolina,26/01/2021,18577
South Carolina,27/01/2021,19197
South Carolina,28/01/2021,21474
South Carolina,29/01/2021,22308
South Carolina,30/01/2021,22672
South Carolina,31/01/2021,22964
South Carolina,01/02/2021,22200
South Carolina,02/02/2021,21926
South Carolina,03/02/2021,21745
South Carolina,04/02/2021,19641
South Carolina,05/02/2021,19105
South Carolina,06/02/2021,19288
South Carolina,07/02/2021,18482
South Carolina,08/02/2021,17563
South Carolina,09/02/2021,16428
South Carolina,10/02/2021,18409
South Carolina,11/02/2021,18723
South Carolina,12/02/2021,18640
South Carolina,13/02/2021,18852
South Carolina,14/02/2021,19324
South Carolina,15/02/2021,19377
South Carolina,16/02/2021,21826
South Carolina,17/02/2021,21051
South Carolina,18/02/2021,21374
South Carolina,19/02/2021,28383
South Carolina,20/02/2021,29276
South Carolina,21/02/2021,29498
South Carolina,22/02/2021,30180
South Carolina,23/02/2021,28951
South Carolina,24/02/2021,31183
South Carolina,25/02/2021,31394
South Carolina,26/02/2021,25323
South Carolina,27/02/2021,25456
South Carolina,28/02/2021,25126
South Carolina,01/03/2021,26318
South Carolina,02/03/2021,25988
South Carolina,03/03/2021,25214
South Carolina,04/03/2021,29268
South Carolina,05/03/2021,29580
South Carolina,06/03/2021,32372
South Carolina,07/03/2021,37254
South Carolina,08/03/2021,37671
South Carolina,09/03/2021,39188
South Carolina,10/03/2021,38974
South Carolina,11/03/2021,36988
South Carolina,12/03/2021,37286
South Carolina,13/03/2021,42704
South Carolina,14/03/2021,33739
South Carolina,15/03/2021,34049
South Carolina,16/03/2021,32823
South Dakota,13/01/2021,2014
South Dakota,14/01/2021,2793
South Dakota,15/01/2021,2802
South Dakota,16/01/2021,2352
South Dakota,17/01/2021,2082
South Dakota,18/01/2021,1902
South Dakota,19/01/2021,1774
South Dakota,20/01/2021,1687
South Dakota,21/01/2021,1585
South Dakota,22/01/2021,1934
South Dakota,23/01/2021,2728
South Dakota,24/01/2021,3048
South Dakota,25/01/2021,3200
South Dakota,26/01/2021,3101
South Dakota,27/01/2021,3495
South Dakota,28/01/2021,3771
South Dakota,29/01/2021,3798
South Dakota,30/01/2021,3664
South Dakota,31/01/2021,3646
South Dakota,01/02/2021,3596
South Dakota,02/02/2021,3597
South Dakota,03/02/2021,3426
South Dakota,04/02/2021,3414
South Dakota,05/02/2021,3480
South Dakota,06/02/2021,3535
South Dakota,07/02/2021,3640
South Dakota,08/02/2021,3626
South Dakota,09/02/2021,3604
South Dakota,10/02/2021,3639
South Dakota,11/02/2021,3722
South Dakota,12/02/2021,3868
South Dakota,13/02/2021,3919
South Dakota,14/02/2021,4112
South Dakota,15/02/2021,4069
South Dakota,16/02/2021,4236
South Dakota,17/02/2021,4204
South Dakota,18/02/2021,4206
South Dakota,19/02/2021,9933
South Dakota,20/02/2021,10117
South Dakota,21/02/2021,10357
South Dakota,22/02/2021,10630
South Dakota,23/02/2021,10621
South Dakota,24/02/2021,10978
South Dakota,25/02/2021,11292
South Dakota,26/02/2021,5908
South Dakota,27/02/2021,6206
South Dakota,28/02/2021,6509
South Dakota,01/03/2021,6587
South Dakota,02/03/2021,6478
South Dakota,03/03/2021,6421
South Dakota,04/03/2021,6364
South Dakota,05/03/2021,6404
South Dakota,06/03/2021,6470
South Dakota,07/03/2021,6382
South Dakota,08/03/2021,6314
South Dakota,09/03/2021,6313
South Dakota,10/03/2021,6343
South Dakota,11/03/2021,6400
South Dakota,12/03/2021,6376
South Dakota,13/03/2021,6584
South Dakota,14/03/2021,7158
South Dakota,15/03/2021,7462
South Dakota,16/03/2021,7593
Tennessee,13/01/2021,13456
Tennessee,14/01/2021,6728
Tennessee,15/01/2021,17360
Tennessee,16/01/2021,16050
Tennessee,17/01/2021,15264
Tennessee,18/01/2021,14740
Tennessee,19/01/2021,14365
Tennessee,20/01/2021,13403
Tennessee,21/01/2021,15851
Tennessee,22/01/2021,14037
Tennessee,23/01/2021,15528
Tennessee,24/01/2021,17781
Tennessee,25/01/2021,17565
Tennessee,26/01/2021,16589
Tennessee,27/01/2021,18443
Tennessee,28/01/2021,19197
Tennessee,29/01/2021,20618
Tennessee,30/01/2021,21427
Tennessee,31/01/2021,22453
Tennessee,01/02/2021,23609
Tennessee,02/02/2021,23422
Tennessee,03/02/2021,24312
Tennessee,04/02/2021,24885
Tennessee,05/02/2021,24652
Tennessee,06/02/2021,25451
Tennessee,07/02/2021,25973
Tennessee,08/02/2021,25401
Tennessee,09/02/2021,25742
Tennessee,10/02/2021,25981
Tennessee,11/02/2021,26016
Tennessee,12/02/2021,26161
Tennessee,13/02/2021,24927
Tennessee,14/02/2021,25152
Tennessee,15/02/2021,24902
Tennessee,16/02/2021,25844
Tennessee,17/02/2021,22833
Tennessee,18/02/2021,21143
Tennessee,19/02/2021,25995
Tennessee,20/02/2021,24434
Tennessee,21/02/2021,21434
Tennessee,22/02/2021,21542
Tennessee,23/02/2021,20978
Tennessee,24/02/2021,25211
Tennessee,25/02/2021,27973
Tennessee,26/02/2021,24822
Tennessee,27/02/2021,29100
Tennessee,28/02/2021,34609
Tennessee,01/03/2021,37689
Tennessee,02/03/2021,37967
Tennessee,03/03/2021,39929
Tennessee,04/03/2021,40345
Tennessee,05/03/2021,40442
Tennessee,06/03/2021,39889
Tennessee,07/03/2021,39317
Tennessee,08/03/2021,37799
Tennessee,09/03/2021,37434
Tennessee,10/03/2021,36573
Tennessee,11/03/2021,37837
Tennessee,12/03/2021,38803
Tennessee,13/03/2021,40729
Tennessee,14/03/2021,40964
Tennessee,15/03/2021,41875
Tennessee,16/03/2021,41859
Texas,13/01/2021,66581
Texas,14/01/2021,66082
Texas,15/01/2021,82927
Texas,16/01/2021,77429
Texas,17/01/2021,74131
Texas,18/01/2021,71932
Texas,19/01/2021,70361
Texas,20/01/2021,70529
Texas,21/01/2021,71561
Texas,22/01/2021,69220
Texas,23/01/2021,72384
Texas,24/01/2021,68740
Texas,25/01/2021,65851
Texas,26/01/2021,73415
Texas,27/01/2021,71804
Texas,28/01/2021,80351
Texas,29/01/2021,82155
Texas,30/01/2021,87541
Texas,31/01/2021,92226
Texas,01/02/2021,98889
Texas,02/02/2021,82619
Texas,03/02/2021,96932
Texas,04/02/2021,99765
Texas,05/02/2021,101557
Texas,06/02/2021,109611
Texas,07/02/2021,119680
Texas,08/02/2021,117976
Texas,09/02/2021,134278
Texas,10/02/2021,130817
Texas,11/02/2021,129014
Texas,12/02/2021,134688
Texas,13/02/2021,128579
Texas,14/02/2021,126730
Texas,15/02/2021,124715
Texas,16/02/2021,117172
Texas,17/02/2021,106240
Texas,18/02/2021,89324
Texas,19/02/2021,95577
Texas,20/02/2021,86673
Texas,21/02/2021,77160
Texas,22/02/2021,73731
Texas,23/02/2021,77700
Texas,24/02/2021,87380
Texas,25/02/2021,110504
Texas,26/02/2021,104351
Texas,27/02/2021,111466
Texas,28/02/2021,127535
Texas,01/03/2021,123045
Texas,02/03/2021,165192
Texas,03/03/2021,181084
Texas,04/03/2021,181691
Texas,05/03/2021,188300
Texas,06/03/2021,204902
Texas,07/03/2021,195936
Texas,08/03/2021,214144
Texas,09/03/2021,191891
Texas,10/03/2021,191158
Texas,11/03/2021,193081
Texas,12/03/2021,202045
Texas,13/03/2021,204566
Texas,14/03/2021,211968
Texas,15/03/2021,210881
Texas,16/03/2021,194431
Utah,13/01/2021,8811
Utah,14/01/2021,10080
Utah,15/01/2021,10995
Utah,16/01/2021,10433
Utah,17/01/2021,10096
Utah,18/01/2021,9872
Utah,19/01/2021,9711
Utah,20/01/2021,11108
Utah,21/01/2021,10599
Utah,22/01/2021,10646
Utah,23/01/2021,9396
Utah,24/01/2021,8146
Utah,25/01/2021,10650
Utah,26/01/2021,9602
Utah,27/01/2021,8288
Utah,28/01/2021,7176
Utah,29/01/2021,9771
Utah,30/01/2021,11967
Utah,31/01/2021,11967
Utah,01/02/2021,13432
Utah,02/02/2021,13460
Utah,03/02/2021,12118
Utah,04/02/2021,16237
Utah,05/02/2021,15053
Utah,06/02/2021,16255
Utah,07/02/2021,16255
Utah,08/02/2021,26228
Utah,09/02/2021,26519
Utah,10/02/2021,26519
Utah,11/02/2021,22400
Utah,12/02/2021,19110
Utah,13/02/2021,15712
Utah,14/02/2021,15712
Utah,15/02/2021,2117
Utah,16/02/2021,3195
Utah,17/02/2021,3195
Utah,18/02/2021,5925
Utah,19/02/2021,10626
Utah,20/02/2021,14258
Utah,21/02/2021,14330
Utah,22/02/2021,12775
Utah,23/02/2021,11202
Utah,24/02/2021,13791
Utah,25/02/2021,15753
Utah,26/02/2021,11132
Utah,27/02/2021,11115
Utah,28/02/2021,11132
Utah,01/03/2021,11090
Utah,02/03/2021,15893
Utah,03/03/2021,16677
Utah,04/03/2021,12054
Utah,05/03/2021,19168
Utah,06/03/2021,20651
Utah,07/03/2021,20666
Utah,08/03/2021,20744
Utah,09/03/2021,22533
Utah,10/03/2021,22455
Utah,11/03/2021,22481
Utah,12/03/2021,21233
Utah,13/03/2021,20756
Utah,14/03/2021,24904
Utah,15/03/2021,24981
Utah,16/03/2021,21514
Vermont,13/01/2021,3814
Vermont,14/01/2021,1907
Vermont,15/01/2021,2238
Vermont,16/01/2021,2185
Vermont,17/01/2021,2154
Vermont,18/01/2021,2133
Vermont,19/01/2021,2118
Vermont,20/01/2021,1606
Vermont,21/01/2021,1895
Vermont,22/01/2021,1997
Vermont,23/01/2021,2133
Vermont,24/01/2021,2192
Vermont,25/01/2021,2153
Vermont,26/01/2021,1976
Vermont,27/01/2021,2080
Vermont,28/01/2021,2291
Vermont,29/01/2021,2184
Vermont,30/01/2021,2050
Vermont,31/01/2021,2187
Vermont,01/02/2021,2686
Vermont,02/02/2021,2801
Vermont,03/02/2021,2763
Vermont,04/02/2021,2618
Vermont,05/02/2021,2617
Vermont,06/02/2021,2745
Vermont,07/02/2021,2857
Vermont,08/02/2021,2557
Vermont,09/02/2021,2717
Vermont,10/02/2021,2735
Vermont,11/02/2021,2816
Vermont,12/02/2021,2855
Vermont,13/02/2021,2818
Vermont,14/02/2021,2801
Vermont,15/02/2021,2937
Vermont,16/02/2021,3136
Vermont,17/02/2021,3157
Vermont,18/02/2021,3039
Vermont,19/02/2021,3940
Vermont,20/02/2021,4199
Vermont,21/02/2021,4337
Vermont,22/02/2021,4364
Vermont,23/02/2021,4157
Vermont,24/02/2021,4144
Vermont,25/02/2021,4235
Vermont,26/02/2021,3417
Vermont,27/02/2021,3545
Vermont,28/02/2021,3631
Vermont,01/03/2021,3802
Vermont,02/03/2021,3925
Vermont,03/03/2021,4030
Vermont,04/03/2021,3991
Vermont,05/03/2021,4006
Vermont,06/03/2021,3914
Vermont,07/03/2021,4139
Vermont,08/03/2021,4384
Vermont,09/03/2021,4620
Vermont,10/03/2021,4847
Vermont,11/03/2021,5185
Vermont,12/03/2021,5416
Vermont,13/03/2021,6755
Vermont,14/03/2021,5726
Vermont,15/03/2021,5771
Vermont,16/03/2021,5697
Virginia,13/01/2021,27229
Virginia,14/01/2021,13614
Virginia,15/01/2021,17876
Virginia,16/01/2021,18573
Virginia,17/01/2021,18991
Virginia,18/01/2021,19270
Virginia,19/01/2021,19470
Virginia,20/01/2021,17933
Virginia,21/01/2021,20608
Virginia,22/01/2021,22459
Virginia,23/01/2021,23485
Virginia,24/01/2021,23729
Virginia,25/01/2021,25249
Virginia,26/01/2021,38276
Virginia,27/01/2021,40808
Virginia,28/01/2021,43758
Virginia,29/01/2021,46189
Virginia,30/01/2021,50946
Virginia,31/01/2021,54508
Virginia,01/02/2021,55407
Virginia,02/02/2021,43769
Virginia,03/02/2021,41989
Virginia,04/02/2021,40095
Virginia,05/02/2021,38440
Virginia,06/02/2021,38094
Virginia,07/02/2021,38593
Virginia,08/02/2021,37831
Virginia,09/02/2021,37197
Virginia,10/02/2021,37771
Virginia,11/02/2021,39162
Virginia,12/02/2021,40141
Virginia,13/02/2021,39675
Virginia,14/02/2021,35980
Virginia,15/02/2021,36818
Virginia,16/02/2021,38559
Virginia,17/02/2021,38966
Virginia,18/02/2021,40084
Virginia,19/02/2021,52950
Virginia,20/02/2021,48702
Virginia,21/02/2021,50009
Virginia,22/02/2021,48869
Virginia,23/02/2021,47775
Virginia,24/02/2021,49057
Virginia,25/02/2021,49284
Virginia,26/02/2021,39615
Virginia,27/02/2021,47360
Virginia,28/02/2021,54414
Virginia,01/03/2021,57354
Virginia,02/03/2021,57929
Virginia,03/03/2021,59592
Virginia,04/03/2021,62240
Virginia,05/03/2021,59952
Virginia,06/03/2021,55707
Virginia,07/03/2021,51391
Virginia,08/03/2021,49929
Virginia,09/03/2021,54612
Virginia,10/03/2021,56591
Virginia,11/03/2021,57278
Virginia,12/03/2021,58784
Virginia,13/03/2021,62152
Virginia,14/03/2021,63765
Virginia,15/03/2021,66502
Virginia,16/03/2021,61944
Washington,13/01/2021,12671
Washington,14/01/2021,14836
Washington,15/01/2021,15680
Washington,16/01/2021,16672
Washington,17/01/2021,17267
Washington,18/01/2021,17664
Washington,19/01/2021,17948
Washington,20/01/2021,19790
Washington,21/01/2021,21169
Washington,22/01/2021,22933
Washington,23/01/2021,24963
Washington,24/01/2021,23926
Washington,25/01/2021,26748
Washington,26/01/2021,26630
Washington,27/01/2021,26811
Washington,28/01/2021,28245
Washington,29/01/2021,29134
Washington,30/01/2021,29565
Washington,31/01/2021,33566
Washington,01/02/2021,33117
Washington,02/02/2021,33451
Washington,03/02/2021,33073
Washington,04/02/2021,32318
Washington,05/02/2021,31553
Washington,06/02/2021,31975
Washington,07/02/2021,31539
Washington,08/02/2021,31046
Washington,09/02/2021,29919
Washington,10/02/2021,34713
Washington,11/02/2021,34669
Washington,12/02/2021,36081
Washington,13/02/2021,36287
Washington,14/02/2021,37336
Washington,15/02/2021,35136
Washington,16/02/2021,35726
Washington,17/02/2021,30996
Washington,18/02/2021,30817
Washington,19/02/2021,40241
Washington,20/02/2021,40779
Washington,21/02/2021,39719
Washington,22/02/2021,42211
Washington,23/02/2021,41755
Washington,24/02/2021,41214
Washington,25/02/2021,43809
Washington,26/02/2021,35285
Washington,27/02/2021,37087
Washington,28/02/2021,40672
Washington,01/03/2021,45811
Washington,02/03/2021,49655
Washington,03/03/2021,53397
Washington,04/03/2021,54350
Washington,05/03/2021,55977
Washington,06/03/2021,57804
Washington,07/03/2021,59244
Washington,08/03/2021,59036
Washington,09/03/2021,59146
Washington,10/03/2021,59317
Washington,11/03/2021,62656
Washington,12/03/2021,62964
Washington,13/03/2021,61473
Washington,14/03/2021,59802
Washington,15/03/2021,58966
Washington,16/03/2021,58644
West Virginia,13/01/2021,7379
West Virginia,14/01/2021,7665
West Virginia,15/01/2021,10292
West Virginia,16/01/2021,8872
West Virginia,17/01/2021,8020
West Virginia,18/01/2021,7452
West Virginia,19/01/2021,7047
West Virginia,20/01/2021,6845
West Virginia,21/01/2021,6984
West Virginia,22/01/2021,6651
West Virginia,23/01/2021,8004
West Virginia,24/01/2021,8493
West Virginia,25/01/2021,7992
West Virginia,26/01/2021,8262
West Virginia,27/01/2021,8044
West Virginia,28/01/2021,8151
West Virginia,29/01/2021,8457
West Virginia,30/01/2021,8794
West Virginia,31/01/2021,8127
West Virginia,01/02/2021,8048
West Virginia,02/02/2021,7673
West Virginia,03/02/2021,7591
West Virginia,04/02/2021,7450
West Virginia,05/02/2021,7408
West Virginia,06/02/2021,8353
West Virginia,07/02/2021,8896
West Virginia,08/02/2021,9009
West Virginia,09/02/2021,9030
West Virginia,10/02/2021,9216
West Virginia,11/02/2021,9147
West Virginia,12/02/2021,8515
West Virginia,13/02/2021,8749
West Virginia,14/02/2021,9220
West Virginia,15/02/2021,9532
West Virginia,16/02/2021,9461
West Virginia,17/02/2021,9062
West Virginia,18/02/2021,8965
West Virginia,19/02/2021,12741
West Virginia,20/02/2021,11711
West Virginia,21/02/2021,10990
West Virginia,22/02/2021,10783
West Virginia,23/02/2021,11000
West Virginia,24/02/2021,11210
West Virginia,25/02/2021,11715
West Virginia,26/02/2021,8757
West Virginia,27/02/2021,9710
West Virginia,28/02/2021,9826
West Virginia,01/03/2021,9780
West Virginia,02/03/2021,9413
West Virginia,03/03/2021,9568
West Virginia,04/03/2021,9702
West Virginia,05/03/2021,10366
West Virginia,06/03/2021,9723
West Virginia,07/03/2021,9878
West Virginia,08/03/2021,9765
West Virginia,09/03/2021,9973
West Virginia,10/03/2021,9951
West Virginia,11/03/2021,10386
West Virginia,12/03/2021,11052
West Virginia,13/03/2021,12176
West Virginia,14/03/2021,11842
West Virginia,15/03/2021,11953
West Virginia,16/03/2021,11901
Wisconsin,13/01/2021,0
Wisconsin,14/01/2021,6351
Wisconsin,15/01/2021,10850
Wisconsin,16/01/2021,10868
Wisconsin,17/01/2021,10880
Wisconsin,18/01/2021,10887
Wisconsin,19/01/2021,10892
Wisconsin,20/01/2021,12177
Wisconsin,21/01/2021,12686
Wisconsin,22/01/2021,13003
Wisconsin,23/01/2021,14986
Wisconsin,24/01/2021,16663
Wisconsin,25/01/2021,16186
Wisconsin,26/01/2021,14943
Wisconsin,27/01/2021,16147
Wisconsin,28/01/2021,17594
Wisconsin,29/01/2021,20864
Wisconsin,30/01/2021,23517
Wisconsin,31/01/2021,26110
Wisconsin,01/02/2021,28216
Wisconsin,02/02/2021,29134
Wisconsin,03/02/2021,30379
Wisconsin,04/02/2021,26714
Wisconsin,05/02/2021,26898
Wisconsin,06/02/2021,26856
Wisconsin,07/02/2021,35924
Wisconsin,08/02/2021,35695
Wisconsin,09/02/2021,35326
Wisconsin,10/02/2021,35504
Wisconsin,11/02/2021,39623
Wisconsin,12/02/2021,38475
Wisconsin,13/02/2021,39698
Wisconsin,14/02/2021,30412
Wisconsin,15/02/2021,30043
Wisconsin,16/02/2021,31768
Wisconsin,17/02/2021,30827
Wisconsin,18/02/2021,30553
Wisconsin,19/02/2021,38988
Wisconsin,20/02/2021,38929
Wisconsin,21/02/2021,39315
Wisconsin,22/02/2021,39824
Wisconsin,23/02/2021,38279
Wisconsin,24/02/2021,38605
Wisconsin,25/02/2021,39149
Wisconsin,26/02/2021,31793
Wisconsin,27/02/2021,33258
Wisconsin,28/02/2021,34279
Wisconsin,01/03/2021,35514
Wisconsin,02/03/2021,37365
Wisconsin,03/03/2021,38650
Wisconsin,04/03/2021,40300
Wisconsin,05/03/2021,42401
Wisconsin,06/03/2021,42845
Wisconsin,07/03/2021,42786
Wisconsin,08/03/2021,43428
Wisconsin,09/03/2021,41608
Wisconsin,10/03/2021,40936
Wisconsin,11/03/2021,40802
Wisconsin,12/03/2021,41145
Wisconsin,13/03/2021,50069
Wisconsin,14/03/2021,43257
Wisconsin,15/03/2021,43283
Wisconsin,16/03/2021,45496
Wyoming,13/01/2021,1327
Wyoming,14/01/2021,1654
Wyoming,15/01/2021,2093
Wyoming,16/01/2021,1902
Wyoming,17/01/2021,1787
Wyoming,18/01/2021,1710
Wyoming,19/01/2021,1656
Wyoming,20/01/2021,1645
Wyoming,21/01/2021,1362
Wyoming,22/01/2021,1686
Wyoming,23/01/2021,1927
Wyoming,24/01/2021,2200
Wyoming,25/01/2021,2061
Wyoming,26/01/2021,1897
Wyoming,27/01/2021,2017
Wyoming,28/01/2021,2017
Wyoming,29/01/2021,2088
Wyoming,30/01/2021,1658
Wyoming,31/01/2021,2317
Wyoming,01/02/2021,2509
Wyoming,02/02/2021,2526
Wyoming,03/02/2021,2479
Wyoming,04/02/2021,2479
Wyoming,05/02/2021,2607
Wyoming,06/02/2021,3242
Wyoming,07/02/2021,2119
Wyoming,08/02/2021,2534
Wyoming,09/02/2021,2491
Wyoming,10/02/2021,2677
Wyoming,11/02/2021,2677
Wyoming,12/02/2021,3103
Wyoming,13/02/2021,2469
Wyoming,14/02/2021,3892
Wyoming,15/02/2021,3312
Wyoming,16/02/2021,3390
Wyoming,17/02/2021,2953
Wyoming,18/02/2021,3702
Wyoming,19/02/2021,5025
Wyoming,20/02/2021,5703
Wyoming,21/02/2021,4339
Wyoming,22/02/2021,5142
Wyoming,23/02/2021,5140
Wyoming,24/02/2021,5169
Wyoming,25/02/2021,5160
Wyoming,26/02/2021,3038
Wyoming,27/02/2021,3218
Wyoming,28/02/2021,3847
Wyoming,01/03/2021,3015
Wyoming,02/03/2021,2945
Wyoming,03/03/2021,3793
Wyoming,04/03/2021,3093
Wyoming,05/03/2021,3019
Wyoming,06/03/2021,3702
Wyoming,07/03/2021,3091
Wyoming,08/03/2021,4120
Wyoming,09/03/2021,4148
Wyoming,10/03/2021,3895
Wyoming,11/03/2021,3911
Wyoming,12/03/2021,4646
Wyoming,13/03/2021,4085
Wyoming,14/03/2021,4839
Wyoming,15/03/2021,3846
Wyoming,16/03/2021,4022
